Workbook

Sheet TOTAL
A3: STT | B3: Phân loại | C3: Tên thiết bị | G3: Số lượng
D4: Mã thiết bị | E4: Cấu hình thiết bị | F4: Hãng sản xuất | G4: Đầu vào | H4: Thực tế | I4: Chênh lệch
A5: 1 | B5: Camera | C5: Đầu lưu trữ hình ảnh | D5: DS-7732NI-K4 | G5: 1 | H5: ='Tầng 1'!AW5+'Tầng 2'!AN5+'Tầng 3'!AW5+'Tầng 4'!AQ5+'Tầng 5'!AL5+'Tầng 6'!V5 -> 1 | I5: =H5-G5 -> 0
A6: 2 | B6: Camera | C6: Ổ cứng Seagate Skyhawk ST4000VX007 | G6: 1 | H6: ='Tầng 1'!AW6+'Tầng 2'!AN6+'Tầng 3'!AW6+'Tầng 4'!AQ6+'Tầng 5'!AL6+'Tầng 6'!V6 -> 1 | I6: =H6-G6 -> 0
A7: 3 | B7: Camera | C7: Camera IP Dome hồng ngoại 2.0 Megapixel | D7: DS-2CD1123G0E-I(L) | G7: 45 | H7: ='Tầng 1'!AW7+'Tầng 2'!AN7+'Tầng 3'!AW7+'Tầng 4'!AQ7+'Tầng 5'!AL7+'Tầng 6'!V7 -> 45 | I7: =H7-G7 -> 0
A8: 4 | B8: Camera | C8: Camera IP dome hồng ngoại trong nhà POE (Hành lang, lớp học,thang máy…) | D8: MS-C2975-PB | G8: 153 | H8: ='Tầng 1'!AW8+'Tầng 2'!AN8+'Tầng 3'!AW8+'Tầng 4'!AQ8+'Tầng 5'!AL8+'Tầng 6'!V8 -> 153 | I8: =H8-G8 -> 0
A9: 5 | B9: Camera | C9: Camera hồng ngoại IP bullet 1080p IP66 (Sân chơi, bể bơi, sân bóng rổ, sân khấu…) | D9: MS-C2962-FPB | G9: 22 | H9: ='Tầng 1'!AW9+'Tầng 2'!AN9+'Tầng 3'!AW9+'Tầng 4'!AQ9+'Tầng 5'!AL9+'Tầng 6'!V9 -> 22 | I9: =H9-G9 -> 0
A10: 6 | B10: Camera | C10: Camera bullet cho ứng dụng nhận diện khuôn mặt với P -Iris (Cổng ra vào 1,2) | D10: MS-C2862-FPB | G10: 2 | H10: ='Tầng 1'!AW10+'Tầng 2'!AN10+'Tầng 3'!AW10+'Tầng 4'!AQ10+'Tầng 5'!AL10+'Tầng 6'!V10 -> 2 | I10: =H10-G10 -> 0
A11: 7 | B11: Camera | C11: Camera IP quay quét (PTZ) -quan sát toàn cảnh | D11: MS-C2941-X30R(P)B | G11: 6 | H11: ='Tầng 1'!AW11+'Tầng 2'!AN11+'Tầng 3'!AW11+'Tầng 4'!AQ11+'Tầng 5'!AL11+'Tầng 6'!V11 -> 6 | I11: =H11-G11 -> 0
A12: 8 | B12: Camera | C12: Đầu lưu trữ hình ảnh | D12: MS-N8032-UH | G12: 7 | H12: ='Tầng 1'!AW12+'Tầng 2'!AN12+'Tầng 3'!AW12+'Tầng 4'!AQ12+'Tầng 5'!AL12+'Tầng 6'!V12 -> 7 | I12: =H12-G12 -> 0
A13: 9 | B13: Camera | C13: Switch 08 cổng PoE + 2 SFP | D13: GS-4210-8P2S | G13: 7 | H13: ='Tầng 1'!AW13+'Tầng 2'!AN13+'Tầng 3'!AW13+'Tầng 4'!AQ13+'Tầng 5'!AL13+'Tầng 6'!V13 -> 6 | I13: =H13-G13 -> -1
A14: 10 | B14: Camera | C14: Switch 24 cổng LAN trung tâm | D14: GS-5220-20T4C4X | G14: 1 | H14: ='Tầng 1'!AW14+'Tầng 2'!AN14+'Tầng 3'!AW14+'Tầng 4'!AQ14+'Tầng 5'!AL14+'Tầng 6'!V14 -> 1 | I14: =H14-G14 -> 0
A15: 11 | B15: Camera | C15: Module quang | D15: MGB series MGB-LX | G15: 5 | H15: ='Tầng 1'!AW15+'Tầng 2'!AN15+'Tầng 3'!AW15+'Tầng 4'!AQ15+'Tầng 5'!AL15+'Tầng 6'!V15 -> 5 | I15: =H15-G15 -> 0
A16: 12 | B16: Camera | C16: Bộ chuyển đổi quang điện | D16: GT-802S | G16: 5 | H16: ='Tầng 1'!AW16+'Tầng 2'!AN16+'Tầng 3'!AW16+'Tầng 4'!AQ16+'Tầng 5'!AL16+'Tầng 6'!V16 -> 5 | I16: =H16-G16 -> 0
A17: 13 | B17: Camera | C17: Bộ chuyển đổi (Dùng cho Camera lắp trong thang máy). | D17: VC-201A-EU | G17: 4 | H17: ='Tầng 1'!AW17+'Tầng 2'!AN17+'Tầng 3'!AW17+'Tầng 4'!AQ17+'Tầng 5'!AL17+'Tầng 6'!V17 -> 4 | I17: =H17-G17 -> 0
A18: 14 | B18: Camera | C18: Bộ thiết bị mạng kéo dài nguồn tích hợp công nghệ POE | D18: FPI -100GA | G18: 2 | H18: ='Tầng 1'!AW18+'Tầng 2'!AN18+'Tầng 3'!AW18+'Tầng 4'!AQ18+'Tầng 5'!AL18+'Tầng 6'!V18 -> 2 | I18: =H18-G18 -> 0
A19: 15 | B19: Camera | C19: Ổ cứng Seagate Skyhawk ST4000VX007 | G19: 28 | H19: ='Tầng 1'!AW19+'Tầng 2'!AN19+'Tầng 3'!AW19+'Tầng 4'!AQ19+'Tầng 5'!AL19+'Tầng 6'!V19 -> 28 | I19: =H19-G19 -> 0
A20: 16 | B20: Camera | C20: Smart Tivi Samsung 49 inch Full HD | D20: 49J5250 | G20: 7 | H20: ='Tầng 1'!AW20+'Tầng 2'!AN20+'Tầng 3'!AW20+'Tầng 4'!AQ20+'Tầng 5'!AL20+'Tầng 6'!V20 -> 7 | I20: =H20-G20 -> 0
A21: 17 | B21: Camera | C21: Dây HDMI 5m | D21: Ugreen | G21: 6 | H21: ='Tầng 1'!AW21+'Tầng 2'!AN21+'Tầng 3'!AW21+'Tầng 4'!AQ21+'Tầng 5'!AL21+'Tầng 6'!V21 -> 6 | I21: =H21-G21 -> 0
A22: 18 | B22: Camera | C22: Máy chủ HP | D22: 4FU52AV HP Z2 Tower G4 | G22: 1 | H22: ='Tầng 1'!AW22+'Tầng 2'!AN22+'Tầng 3'!AW22+'Tầng 4'!AQ22+'Tầng 5'!AL22+'Tầng 6'!V22 -> 1 | I22: =H22-G22 -> 0
A23: 19 | B23: Camera | C23: Màn hình máy tính HP | D23: 3AL28AA HP | G23: 1 | H23: ='Tầng 1'!AW23+'Tầng 2'!AN23+'Tầng 3'!AW23+'Tầng 4'!AQ23+'Tầng 5'!AL23+'Tầng 6'!V23 -> 1 | I23: =H23-G23 -> 0
A24: 20 | B24: Camera | C24: Bộ lưu điện APC Smart-UPS On-Line, 6000 Watts /6000 VA | D24: SRT6KXLI | G24: 1 | H24: ='Tầng 1'!AW24+'Tầng 2'!AN24+'Tầng 3'!AW24+'Tầng 4'!AQ24+'Tầng 5'!AL24+'Tầng 6'!V24 -> 1 | I24: =H24-G24 -> 0
A25: 21 | B25: Camera | C25: Cần điều khiển chuyên dụng cho các loại Camera Bullet, Dome, PTZ ở góc view xa | D25: MS-K02 | G25: 1 | H25: ='Tầng 1'!AW25+'Tầng 2'!AN25+'Tầng 3'!AW25+'Tầng 4'!AQ25+'Tầng 5'!AL25+'Tầng 6'!V25 -> 1 | I25: =H25-G25 -> 0
A26: 22 | B26: Camera | C26: Tủ trung tâm đựng thiết bị 27U -kèm SPU -Cánh cửa lưới - màu đen | D26: VN-/- | G26: 1 | H26: ='Tầng 1'!AW26+'Tầng 2'!AN26+'Tầng 3'!AW26+'Tầng 4'!AQ26+'Tầng 5'!AL26+'Tầng 6'!V26 -> 1 | I26: =H26-G26 -> 0
A27: 23 | B27: Âm thanh | C27: ÂM ly 60w | D27: PLE-1MA060-EU | G27: 48 | H27: ='Tầng 1'!AW27+'Tầng 2'!AN27+'Tầng 3'!AW27+'Tầng 4'!AQ27+'Tầng 5'!AL27+'Tầng 6'!V27 -> 48 | I27: =H27-G27 -> 0
A28: 24 | B28: Âm thanh | C28: ÂM ly 240w | D28: PLE-1ME240-EU | G28: 3 | H28: ='Tầng 1'!AW28+'Tầng 2'!AN28+'Tầng 3'!AW28+'Tầng 4'!AQ28+'Tầng 5'!AL28+'Tầng 6'!V28 -> 3 | I28: =H28-G28 -> 0
A29: 25 | B29: Âm thanh | C29: ÂM ly 120w | D29: PLE-1MA120-EU | G29: 4 | H29: ='Tầng 1'!AW29+'Tầng 2'!AN29+'Tầng 3'!AW29+'Tầng 4'!AQ29+'Tầng 5'!AL29+'Tầng 6'!V29 -> 4 | I29: =H29-G29 -> 0
A30: 26 | B30: Âm thanh | C30: Loa 6w | D30: LHM0606/10 | G30: 144 | H30: ='Tầng 1'!AW30+'Tầng 2'!AN30+'Tầng 3'!AW30+'Tầng 4'!AQ30+'Tầng 5'!AL30+'Tầng 6'!V30 -> 144 | I30: =H30-G30 -> 0
A31: 27 | B31: Âm thanh | C31: Loa 24w | D31: LBC3099/41 | G31: 149 | H31: ='Tầng 1'!AW31+'Tầng 2'!AN31+'Tầng 3'!AW31+'Tầng 4'!AQ31+'Tầng 5'!AL31+'Tầng 6'!V31 -> 146 | I31: =H31-G31 -> -3
... A51: 47 | B51: Âm thanh | C51: Micro chọn 10 vùng IP | D51: IP-100RM | G51: 3 | H51: ='Tầng 1'!AW51+'Tầng 2'!AN51+'Tầng 3'!AW51+'Tầng 4'!AQ51+'Tầng 5'!AL51+'Tầng 6'!V51 -> 3 | I51: =H51-G51 -> 0
A52: 48 | B52: Âm thanh | C52: Tủ 12 U có khay để mixer | G52: 3 | H52: ='Tầng 1'!AW52+'Tầng 2'!AN52+'Tầng 3'!AW52+'Tầng 4'!AQ52+'Tầng 5'!AL52+'Tầng 6'!V52 -> 3 | I52: =H52-G52 -> 0
A53: 49 | B53: Âm thanh | C53: Tủ 32U | D53: D600 | G53: 1 | H53: ='Tầng 1'!AW53+'Tầng 2'!AN53+'Tầng 3'!AW53+'Tầng 4'!AQ53+'Tầng 5'!AL53+'Tầng 6'!V53 -> 1 | I53: =H53-G53 -> 0
A54: 50 | B54: Máy tính bàn | C54: Máy tính bàn DELL | D54: Dell 3470ST | E54: Hệ điều hành: Free Dos CPU: Intel Pentium Gold G5400 3.70 GHz, 4MB RAM: 1x4GB DDR4 Ổ đĩa cứng: 1TB 7200 rpm VGA: Intel HD Graphics Wifi: Có tích hợp wifi,DVD | F54: DELL | G54: 34 | H54: ='Tầng 1'!AW54+'Tầng 2'!AN54+'Tầng 3'!AW54+'Tầng 4'!AQ54+'Tầng 5'!AL54+'Tầng 6'!V54 -> 34 | I54: =H54-G54 -> 0
A55: 51 | B55: Máy tính bàn | C55: Máy tính bàn DELL | D55: Dell 3470ST | E55: Hệ điều hành: Free Dos CPU: Intel Pentium Gold G5400 3.70 GHz, 4MB RAM: 2x4GB DDR4 VGA: Intel HD Graphics Wifi: Có tích hợp wifi,DVD | F55: DELL | G55: 24 | H55: ='Tầng 1'!AW55+'Tầng 2'!AN55+'Tầng 3'!AW55+'Tầng 4'!AQ55+'Tầng 5'!AL55+'Tầng 6'!V55 -> 24 | I55: =H55-G55 -> 0
A56: 52 | B56: Máy tính bàn | C56: Máy tính bàn DELL | D56: Dell 3470ST | E56: Hệ điều hành: Free Dos CPU: Intel Pentium Gold G5400 3.70 GHz, 4MB RAM: 2x4GB DDR4 Ổ đĩa cứng: 1TB 7200 rpm VGA: Intel HD Graphics Wifi: Có tích hợp wifi,DVD | F56: DELL | G56: 2 | H56: ='Tầng 1'!AW56+'Tầng 2'!AN56+'Tầng 3'!AW56+'Tầng 4'!AQ56+'Tầng 5'!AL56+'Tầng 6'!V56 -> 2 | I56: =H56-G56 -> 0
A57: 53 | B57: Màn hình máy tính | C57: Màn hình máy tính để bàn Dell | D57: Man hinh LCD Dell E2016HV 19.5" | E57: 19.5" TN, HD+ 1600x900, WLed Backlight, độ tương phản 600:1, độ sáng: 200 cd/m2, độ trễ: 5ms, kếtt nối: 1 x VGA. | F57: DELL | G57: 58 | H57: ='Tầng 1'!AW57+'Tầng 2'!AN57+'Tầng 3'!AW57+'Tầng 4'!AQ57+'Tầng 5'!AL57+'Tầng 6'!V57 -> 58 | I57: =H57-G57 -> 0
A58: 54 | B58: Màn hình máy tính | C58: Màn hình máy tính để bàn Dell | D58: Màn hình máy tính Dell SE2417HG | E58: 23.6" IPS, Full HD 1920x1080, Led Backlight, độ tương phản 1000:1, độ sáng: 3000 cd/m2, độ trễ: 5ms, kết nối: 1 x HDMI, 1 x VGA. | F58: DELL | G58: 4 | H58: ='Tầng 1'!AW58+'Tầng 2'!AN58+'Tầng 3'!AW58+'Tầng 4'!AQ58+'Tầng 5'!AL58+'Tầng 6'!V58 -> 4 | I58: =H58-G58 -> 0
A59: 55 | B59: Máy tính bàn | C59: Máy tính bàn DELL | D59: Dell 3671 | E59: Máy tính để bàn Dell Vostro 3671 - MT71 G5420W-4G-1T: Intel Pentium G5420 (4MB Cache, up to 3.8GHz); 4GB (lx 4GB) 2400MHz DDR4; 1TB 7200RPM Hard Drive; 6 cling SSD 120GB; DVDRW; Intelgrated Graphics; Chuột; Bàn phím; Windows 10 home | F59: DELL | G59: 14 | H59: ='Tầng 1'!AW59+'Tầng 2'!AN59+'Tầng 3'!AW59+'Tầng 4'!AQ59+'Tầng 5'!AL59+'Tầng 6'!V59 -> 14 | I59: =H59-G59 -> 0
A60: 56 | B60: Màn hình máy tính | C60: Màn hình máy tính để bàn Dell | D60: Dell E2016HV | E60: Man hinh may tinh DELL LCD E2016Hv - 19.5" | F60: Dell | G60: 14 | H60: ='Tầng 1'!AW60+'Tầng 2'!AN60+'Tầng 3'!AW60+'Tầng 4'!AQ60+'Tầng 5'!AL60+'Tầng 6'!V60 -> 14 | I60: =H60-G60 -> 0
A61: 57 | B61: Máy tính bàn | C61: Máy tính bàn | E61: Cpu E5 2689 2.6Ghz*2/TN CM T400i*2/ Main SPM X9DRL/ RAM 16G*4/HĐ 1TB/ASUS RX570 4Gb /K/M/ Case + Nguồn 600W CM/ LCD E2417H | F61: Cây lắp ráp ĐNA | G61: 1 | H61: ='Tầng 1'!AW61+'Tầng 2'!AN61+'Tầng 3'!AW61+'Tầng 4'!AQ61+'Tầng 5'!AL61+'Tầng 6'!V61 -> 1 | I61: =H61-G61 -> 0
A62: 58 | B62: Laptop Dell | C62: Laptop Dell | D62: Dell Latitude 3400 | G62: 16 | H62: ='Tầng 1'!AW62+'Tầng 2'!AN62+'Tầng 3'!AW62+'Tầng 4'!AQ62+'Tầng 5'!AL62+'Tầng 6'!V62 -> 16 | I62: =H62-G62 -> 0
A63: 59 | B63: Máy in, photo | C63: Máy in, photo | D63: Canon 251DW | G63: 9 | H63: ='Tầng 1'!AW63+'Tầng 2'!AN63+'Tầng 3'!AW63+'Tầng 4'!AQ63+'Tầng 5'!AL63+'Tầng 6'!V63 -> 9 | I63: =H63-G63 -> 0
A64: 60 | B64: Máy in, photo | C64: Máy in, photo | D64: Canon 252DW | G64: 1 | H64: ='Tầng 1'!AW64+'Tầng 2'!AN64+'Tầng 3'!AW64+'Tầng 4'!AQ64+'Tầng 5'!AL64+'Tầng 6'!V64 -> 1 | I64: =H64-G64 -> 0
A65: 61 | B65: Máy in, photo | C65: Máy in, photo | D65: Canon 1 mặt P Truyền thông | H65: ='Tầng 1'!AW65+'Tầng 2'!AN65+'Tầng 3'!AW65+'Tầng 4'!AQ65+'Tầng 5'!AL65+'Tầng 6'!V65 -> 1 | I65: =H65-G65 -> 1
A66: 62 | B66: Máy in, photo | C66: Máy in, photo | D66: Ricoh 7502 | G66: 1 | H66: ='Tầng 1'!AW66+'Tầng 2'!AN66+'Tầng 3'!AW66+'Tầng 4'!AQ66+'Tầng 5'!AL66+'Tầng 6'!V66 -> 1 | I66: =H66-G66 -> 0
A67: 63 | B67: Máy in, photo | C67: Máy in, photo | D67: Toshiba 5560C | G67: 1 | H67: ='Tầng 1'!AW67+'Tầng 2'!AN67+'Tầng 3'!AW67+'Tầng 4'!AQ67+'Tầng 5'!AL67+'Tầng 6'!V67 -> 1 | I67: =H67-G67 -> 0
A68: 64 | B68: Máy chiếu | C68: Máy chiếu | D68: Epson EB-W05 | G68: 18 | H68: ='Tầng 1'!AW68+'Tầng 2'!AN68+'Tầng 3'!AW68+'Tầng 4'!AQ68+'Tầng 5'!AL68+'Tầng 6'!V68 -> 18 | I68: =H68-G68 -> 0
A69: 65 | B69: Máy chiếu | C69: Máy chiếu | D69: Sony VPL-EX430 | G69: 5 | H69: ='Tầng 1'!AW69+'Tầng 2'!AN69+'Tầng 3'!AW69+'Tầng 4'!AQ69+'Tầng 5'!AL69+'Tầng 6'!V69 -> 4 | I69: =H69-G69 -> -1
A70: 66 | B70: Máy chiếu | C70: Máy chiếu | D70: Sony VPL-EX435,EX575 | G70: 20 | H70: ='Tầng 1'!AW70+'Tầng 2'!AN70+'Tầng 3'!AW70+'Tầng 4'!AQ70+'Tầng 5'!AL70+'Tầng 6'!V70 -> 20 | I70: =H70-G70 -> 0
A71: 67 | B71: Unifi | C71: Bộ phát sóng không dây | D71: UBIQUITI UniFi AP AC Pro | G71: 22 | H71: ='Tầng 1'!AW71+'Tầng 2'!AN71+'Tầng 3'!AW71+'Tầng 4'!AQ71+'Tầng 5'!AL71+'Tầng 6'!V71 -> 22 | I71: =H71-G71 -> 0
A72: 68 | B72: Máy chấm công | C72: Máy chấm công cho cán bộ,nhân viên | D72: Ronald Jack UA300 | G72: 6 | H72: ='Tầng 1'!AW72+'Tầng 2'!AN72+'Tầng 3'!AW72+'Tầng 4'!AQ72+'Tầng 5'!AL72+'Tầng 6'!V72 -> 6 | I72: =H72-G72 -> 0
A73: 69 | B73: Máy quẹt thẻ | C73: Máy quẹt thẻ cho học sinh | D73: Zkteco TA939 | G73: 8 | H73: ='Tầng 1'!AW73+'Tầng 2'!AN73+'Tầng 3'!AW73+'Tầng 4'!AQ73+'Tầng 5'!AL73+'Tầng 6'!V73 -> 8 | I73: =H73-G73 -> 0
A74: 70 | B74: Server | C74: Máy chủ DELL EMC R540 | D74: 9KGZ8X2 9LJZ8X2 9LRT8X2 2JDYVV2 | E74: Processor: 2 x Intel® Xeon® Silver 4114 Processor 13.75M Cache, 2.20 GHz Memory: 4 x 32GB PC4-21300 ECC 2666 MHz Registered DIMMs Network Controller: 2 x 1GE LOM (optional) OCP 2 x 10GE SFP+ or BaseT or 2 x 1GE Raid Controller: PERC H730P RAID Controller Mini Mono, 2GB NV Cache Hard Drive: 2 x 2TB Dell Enterprise 7200 RPM SATA 3.5" Optical Drive: Slim 8X DVD+/-RW 9.5mm Internal Drive PCI-Express Slots: 1 x FH/FL + 1 x HH/HL (2U Right riser) slots + 3HH/HL slots Power Supply: 1x 750w Options 2x 750w Management: iDRAC9 with Lifecycle Controller Form Factor: 2U DELL 750 WATT POWER SUPPLY2 x Dell EMC R540 Heat Sink2 x TRAY DELL 3.5" 14G CADDY X7K8W | F74: Dell | G74: 4 | H74: ='Tầng 1'!AW74+'Tầng 2'!AN74+'Tầng 3'!AW74+'Tầng 4'!AQ74+'Tầng 5'!AL74+'Tầng 6'!V74 -> 4 | I74: =H74-G74 -> 0
A75: 71 | B75: Server | C75: Máy chủ DELL EMC R540 | D75: 9LMV8X2 | E75: Processor: 2 x Intel® Xeon® Silver 4114 Processor 13.75M Cache, 2.20 GHz Memory: 4 x 32GB PC4-21300 ECC 2666 MHz Registered DIMMs Network Controller: 2 x 1GE LOM (optional) OCP 2 x 10GE SFP+ or BaseT or 2 x 1GE Raid Controller: PERC H730P RAID Controller Mini Mono, 2GB NV Cache Hard Drive: 2 x SSD INTEL 240GB 2.5" S4510 2 x 2TB Dell Enterprise 7200 RPM SATA 3.5" Optical Drive: Slim 8X DVD+/-RW 9.5mm Internal Drive PCI-Express Slots: 1 x FH/FL + 1 x HH/HL (2U Right riser) slots + 3HH/HL slots Power Supply: 1x 750w Options 2x 750w Management: iDRAC9 with Lifecycle Controller Form Factor: 2U DELL 750 WATT POWER SUPPLY2 x Dell EMC R540 Heat Sink4 x TRAY DELL 3.5" 14G CADDY X7K8W 2 x DELL converter bracket 3.5" to 2.5" | F75: Dell | G75: 1 | H75: ='Tầng 1'!AW75+'Tầng 2'!AN75+'Tầng 3'!AW75+'Tầng 4'!AQ75+'Tầng 5'!AL75+'Tầng 6'!V75 -> 1 | I75: =H75-G75 -> 0
A76: 72 | B76: Server | C76: Máy chủ DELL EMC R540 | D76: 9LPV8X2 | E76: Processor: Intel® Xeon® Silver 4114 Processor 13.75M Cache, 2.20 GHz Memory: 3 x 32GB PC4-21300 ECC 2666 MHz Registered DIMMs Network Controller: 2 x 1GE LOM (optional) OCP 2 x 10GE SFP+ or BaseT or 2 x 1GE Raid Controller: PERC H730P RAID Controller Mini Mono, 2GB NV Cache Hard Drive: 2 x 2TB Dell Enterprise 7200 RPM SATA 3.5" Optical Drive: Slim 8X DVD+/-RW 9.5mm Internal Drive PCI-Express Slots: 1 x FH/FL + 1 x HH/HL (2U Right riser) slots + 3HH/HL slots Power Supply: 1x 750w Options 2x 750w Management: iDRAC9 with Lifecycle Controller Form Factor: 2U DELL 750 WATT POWER SUPPLYDell EMC R540 Heat Sink2 x TRAY DELL 3.5" 14G CADDY X7K8W | F76: Dell | G76: 1 | H76: ='Tầng 1'!AW76+'Tầng 2'!AN76+'Tầng 3'!AW76+'Tầng 4'!AQ76+'Tầng 5'!AL76+'Tầng 6'!V76 -> 1 | I76: =H76-G76 -> 0
A77: 73 | B77: Server | C77: Workstation ( Boot room ) | E77: Mainboard Intel S1200 SPSR CPU Intel Xeon E3-1230 v6 (8M Cache, 3.5GHz) Ram Kingston 8GB ECC DDR4/2400 (KSM24ES8/8ME) SSD Samsung 860 EVO 250GB M.2 Sata (Mz-N6E250BW) HDD WD Black 2TB Sata3(WD2003FZEX) Power Cooler Master 500W Elite V3 Case Erosi X9 (No power) Card Gigabyte 2GB N1030OC-2GI | F77: Lắp ráp ĐNA | G77: 3 | H77: ='Tầng 1'!AW77+'Tầng 2'!AN77+'Tầng 3'!AW77+'Tầng 4'!AQ77+'Tầng 5'!AL77+'Tầng 6'!V77 -> 3 | I77: =H77-G77 -> 0
A78: 74 | B78: Server | C78: Intel® Ethernet Server Adapter I350-T4 | D78: 8A0380 8A0738 87E510 87B0B8 87E2EC | E78: Intel Ethernet Server Adapter I350-T4 PCI Express Genx2.1 INTEL I350T4 Quad-Port Network Lan Card Model No: Intel Ethernet I350-T4 Bus Type：PCI Express 2.1(5GT/s) Chipset：Intel® NHI350AM4 | G78: 5 | H78: ='Tầng 1'!AW78+'Tầng 2'!AN78+'Tầng 3'!AW78+'Tầng 4'!AQ78+'Tầng 5'!AL78+'Tầng 6'!V78 -> 5 | I78: =H78-G78 -> 0
A79: 75 | B79: Server | C79: Tủ server HRN 20U | D79: D1000 | G79: 1 | H79: ='Tầng 1'!AW79+'Tầng 2'!AN79+'Tầng 3'!AW79+'Tầng 4'!AQ79+'Tầng 5'!AL79+'Tầng 6'!V79 -> 1 | I79: =H79-G79 -> 0
A80: 76 | B80: Thiết bị mạng | C80: Thiết bị Firewall, dùng để bảo vệ, thiết lập các chính sách bảo mật giữa các mạng LAN với nhau và bảo vệ người dùng từ các cuộc tấn công từ Internet | D80: SRX1500-AC | E80: SRX1500 with 16x1G, 4x10G (SFP+) on-board ports, 1x AC PSU and 100GB SSD | F80: Juniper | G80: 2 | H80: ='Tầng 1'!AW80+'Tầng 2'!AN80+'Tầng 3'!AW80+'Tầng 4'!AQ80+'Tầng 5'!AL80+'Tầng 6'!V80 -> 2 | I80: =H80-G80 -> 0
A81: 77 | B81: Thiết bị mạng | C81: Phần mềm cho thiết bị tường lửa | D81: SRX1500-JSE | E81: SRX1500 Juniper Secure Edge software with Firewall, NAT, IPSec, Routing, Switching, MPLS and Application Security services (requireSRX1500-AC or SRX1500-DC to complete the system) | F81: Juniper | G81: 2 | H81: ='Tầng 1'!AW81+'Tầng 2'!AN81+'Tầng 3'!AW81+'Tầng 4'!AQ81+'Tầng 5'!AL81+'Tầng 6'!V81 -> 2 | I81: =H81-G81 -> 0
A82: 78 | B82: Thiết bị mạng | C82: Kết nối lên Core switch. Mỗi FW 2 kết nối | D82: SFPP-AT-LP-85-03 | E82: SFP+ Plug-in, 10Gbps, 300m, TX/RX 850nm, on two multimode fiber | F82: Ascent Comtech | G82: 112 | H82: ='Tầng 1'!AW82+'Tầng 2'!AN82+'Tầng 3'!AW82+'Tầng 4'!AQ82+'Tầng 5'!AL82+'Tầng 6'!V82 -> 112 | I82: =H82-G82 -> 0
A83: 79 | B83: Thiết bị mạng | C83: Thiết bị chuyển mạch trung tâm, cung cấp các kết nội quang 10G đến switch access, Firewall. Là thiết bị chuyển mạch có năng lực lớn, độ trễ thấp, đảm bảo năng lực chuyển mạch cho toàn bộ hệ thống | D83: EX4600-40F-AFO | E83: EX4600, 24 SFP+/SFP ports, 4 QSFP+ ports, 2 expansion slots, redundant fans, 2 AC power supplies, front to back airflow | F83: Juniper | G83: 2 | H83: ='Tầng 1'!AW83+'Tầng 2'!AN83+'Tầng 3'!AW83+'Tầng 4'!AQ83+'Tầng 5'!AL83+'Tầng 6'!V83 -> 2 | I83: =H83-G83 -> 0
A84: 80 | B84: Thiết bị mạng | C84: Slot mở rộng 8 cổng 10G | D84: EX4600-EM-8F | E84: EX4600 8 port SFP+/SFP expansion module | F84: Juniper | G84: 2 | H84: ='Tầng 1'!AW84+'Tầng 2'!AN84+'Tầng 3'!AW84+'Tầng 4'!AQ84+'Tầng 5'!AL84+'Tầng 6'!V84 -> 2 | I84: =H84-G84 -> 0
A85: 81 | B85: Thiết bị mạng | C85: Cáp stack 80G giữa 2 thiết bị core | D85: QFX-QSFP-DAC-1M | E85: QSFP+ Cable Assy, 1m, 30AWG, Passive, Programmable ID | F85: Juniper | G85: 2 | H85: ='Tầng 1'!AW85+'Tầng 2'!AN85+'Tầng 3'!AW85+'Tầng 4'!AQ85+'Tầng 5'!AL85+'Tầng 6'!V85 -> 2 | I85: =H85-G85 -> 0
A86: 82 | B86: Thiết bị mạng | C86: Module đồng, kết nối lên cân bằng tải, mỗi mỗi thiết bị Core có 1 kết nối lên cân bằng tải | D86: EX-SFP-1GE-T | E86: Small Form Factor Pluggable 10/100/1000 Copper Transceiver Module | F86: Ascent Comtech | G86: 2 | H86: ='Tầng 1'!AW86+'Tầng 2'!AN86+'Tầng 3'!AW86+'Tầng 4'!AQ86+'Tầng 5'!AL86+'Tầng 6'!V86 -> 2 | I86: =H86-G86 -> 0
A87: 83 | B87: Thiết bị mạng | C87: Switch access tầng, cung cấp giao diện kết nối đến các thiết bị đầu cuối từng tầng và core switch | D87: EX2300-24T | E87: EX2300 24-port 10/100/1000BaseT, 4 x 1/10G SFP/SFP+ (optics sold separately) | F87: Juniper | G87: 9 | H87: ='Tầng 1'!AW87+'Tầng 2'!AN87+'Tầng 3'!AW87+'Tầng 4'!AQ87+'Tầng 5'!AL87+'Tầng 6'!V87 -> 9 | I87: =H87-G87 -> 0
A88: 84 | B88: Thiết bị mạng | C88: Switch access tầng, cung cấp giao diện kết nối đến các thiết bị đầu cuối từng tầng và core switch | D88: EX2300-48T | E88: EX2300 48-port 10/100/1000BaseT, 4 x 1/10G SFP/SFP+ (optics sold separately) | F88: Juniper | G88: 14 | H88: ='Tầng 1'!AW88+'Tầng 2'!AN88+'Tầng 3'!AW88+'Tầng 4'!AQ88+'Tầng 5'!AL88+'Tầng 6'!V88 -> 14 | I88: =H88-G88 -> 0
A89: 85 | B89: Thiết bị mạng | C89: Switch server, gom các kết nối vào hệ thống server chuyên dụng | D89: EX2300-24T | E89: EX2300 24-port 10/100/1000BaseT, 4 x 1/10G SFP/SFP+ (optics sold separately) | F89: Juniper | G89: 3 | H89: ='Tầng 1'!AW89+'Tầng 2'!AN89+'Tầng 3'!AW89+'Tầng 4'!AQ89+'Tầng 5'!AL89+'Tầng 6'!V89 -> 3 | I89: =H89-G89 -> 0
A90: 86 | B90: Máy đặt suất ăn | C90: Máy tính bàn DELL | D90: Dell Vostro 3470ST (HXKWJ2) | E90: CPU: Intel Pentium® Gold G5420 (3.80 GHz, 2 Cores 4 Threads, 4MB Cache) RAM: 4GB DDR4 Ổ cứng: 1TB HDD 7200rpm VGA: Intel® UHD Graphics 610 Kết nối mạng: Wlan + Bluetooth | F90: Dell | G90: 6 | H90: ='Tầng 1'!AW90+'Tầng 2'!AN90+'Tầng 3'!AW90+'Tầng 4'!AQ90+'Tầng 5'!AL90+'Tầng 6'!V90 -> 6 | I90: =H90-G90 -> 0
A91: 87 | B91: Máy đặt suất ăn | C91: Màn hình máy tính để bàn Dell | D91: Dell P2418HT | E91: 23.8'' FHD (1920x1080) Anti-Glare, IPS, @ 60Hz. Độ tương phản 1000:1, thời gian đáp ứng 6ms Độ sáng: 250 cd/m2, góc nhìn: 178 độ (V) x 178 độ (H) Ports : VGA, HDMI, Audio, Display Port, 4x USB | F91: Dell | G91: 6 | H91: ='Tầng 1'!AW91+'Tầng 2'!AN91+'Tầng 3'!AW91+'Tầng 4'!AQ91+'Tầng 5'!AL91+'Tầng 6'!V91 -> 6 | I91: =H91-G91 -> 0
A92: 88 | B92: Máy chiếu | C92: Máy chiếu Epson | D92: EB–E10 | F92: Epson | G92: 14 | H92: ='Tầng 1'!AW92+'Tầng 2'!AN92+'Tầng 3'!AW92+'Tầng 4'!AQ92+'Tầng 5'!AL92+'Tầng 6'!V92 -> 14 | I92: =H92-G92 -> 0
A93: 89 | B93: Máy in, photo | C93: Máy in, photo | D93: LBP 226 | F93: Canon | G93: 2 | H93: ='Tầng 1'!AW93+'Tầng 2'!AN93+'Tầng 3'!AW93+'Tầng 4'!AQ93+'Tầng 5'!AL93+'Tầng 6'!V93 -> 2 | I93: =H93-G93 -> 0
A94: 90 | B94: Máy tính bàn | C94: Máy tính bàn DELL | D94: Dell Vostro 3681 | E94: 120Gb SSD + 1Tb HDD, DDr 4 4gb | F94: Dell | G94: 21 | H94: ='Tầng 1'!AW94+'Tầng 2'!AN94+'Tầng 3'!AW94+'Tầng 4'!AQ94+'Tầng 5'!AL94+'Tầng 6'!V94 -> 21 | I94: =H94-G94 -> 0
A95: 91 | B95: Máy tính bàn | C95: Máy tính bàn DELL | D95: Dell Vostro 3681 | E95: 256Gb SSD, DDr 4 8gb | F95: Dell | G95: 33 | H95: ='Tầng 1'!AW95+'Tầng 2'!AN95+'Tầng 3'!AW95+'Tầng 4'!AQ95+'Tầng 5'!AL95+'Tầng 6'!V95 -> 33 | I95: =H95-G95 -> 0
A96: 92 | B96: Máy tính bàn | C96: Màn hình máy tính để bàn Dell | D96: Dell E1920H | F96: DELL | G96: 54 | H96: ='Tầng 1'!AW96+'Tầng 2'!AN96+'Tầng 3'!AW96+'Tầng 4'!AQ96+'Tầng 5'!AL96+'Tầng 6'!V96 -> 54 | I96: =H96-G96 -> 0
A97: 93 | B97: Máy chiếu | C97: Phông chiếu cơ | G97: 26 | H97: ='Tầng 1'!AW97+'Tầng 2'!AN97+'Tầng 3'!AW97+'Tầng 4'!AQ97+'Tầng 5'!AL97+'Tầng 6'!V97 -> 26 | I97: =H97-G97 -> 0
A98: 94 | B98: Âm thanh | C98: Loa phóng | G98: 3 | H98: ='Tầng 1'!AW98+'Tầng 2'!AN98+'Tầng 3'!AW98+'Tầng 4'!AQ98+'Tầng 5'!AL98+'Tầng 6'!V98 -> 3 | I98: =H98-G98 -> 0
A99: 95 | B99: Máy tính bàn | C99: Case máy tính ĐNA ( I5 12400, mainboard gigabyte B760, SSD kingmax 250Gb, DDR4 8Gb. Bàn phím chuột Fuhlen) | G99: 23 | H99: ='Tầng 1'!AW99+'Tầng 2'!AN99+'Tầng 3'!AW99+'Tầng 4'!AQ99+'Tầng 5'!AL99+'Tầng 6'!V99 -> 23 | I99: =H99-G99 -> 0
A100: 96 | B100: Máy tính bàn | C100: Màn hình máy tính để bàn Dell | D100: Dell 2225H | G100: 23 | H100: ='Tầng 1'!AW100+'Tầng 2'!AN100+'Tầng 3'!AW100+'Tầng 4'!AQ100+'Tầng 5'!AL100+'Tầng 6'!V100 -> 23 | I100: =H100-G100 -> 0
A101: 97 | B101: Máy tính bàn | C101: Bộ lưu điện APC 700VA | D101: BVX700LUI-MS | G101: 26 | H101: ='Tầng 1'!AW101+'Tầng 2'!AN101+'Tầng 3'!AW101+'Tầng 4'!AQ101+'Tầng 5'!AL101+'Tầng 6'!V101 -> 26 | I101: =H101-G101 -> 0
A102: 98 | B102: Thiết bị mạng | C102: Thiết bị cân bằng tải | D102: Draytek Vigor 2926 Plus | G102: 1 | H102: ='Tầng 1'!AW102+'Tầng 2'!AN102+'Tầng 3'!AW102+'Tầng 4'!AQ102+'Tầng 5'!AL102+'Tầng 6'!V102 -> 1 | I102: =H102-G102 -> 0
A103: 99 | B103: Thiết bị mạng | C103: Thiết bị mạng switch | D103: TP Link SG1024 | G103: 1 | H103: ='Tầng 1'!AW103+'Tầng 2'!AN103+'Tầng 3'!AW103+'Tầng 4'!AQ103+'Tầng 5'!AL103+'Tầng 6'!V103 -> 1 | I103: =H103-G103 -> 0
A104: 100 | B104: Máy tính bàn | C104: Case máy tính ĐNA ( I3 10105, mainboard gigabyte H510, SSD 250Gb, DDR4 8Gb. Bàn phím chuột Fuhlen) | G104: 10 | H104: ='Tầng 1'!AW104+'Tầng 2'!AN104+'Tầng 3'!AW104+'Tầng 4'!AQ104+'Tầng 5'!AL104+'Tầng 6'!V104 -> 10 | I104: =H104-G104 -> 0
A105: 101 | B105: Máy tính bàn | C105: Màn hình máy tính để bàn Dell | D105: D2020H | G105: 5 | H105: ='Tầng 1'!AW105+'Tầng 2'!AN105+'Tầng 3'!AW105+'Tầng 4'!AQ105+'Tầng 5'!AL105+'Tầng 6'!V105 -> 5 | I105: =H105-G105 -> 0
A106: 102 | B106: Máy chiếu | C106: Máy chiếu Epson | D106: EB–w06 | G106: 1 | H106: ='Tầng 1'!AW106+'Tầng 2'!AN106+'Tầng 3'!AW106+'Tầng 4'!AQ106+'Tầng 5'!AL106+'Tầng 6'!V106 -> 1 | I106: =H106-G106 -> 0
A107: 103 | B107: Tivi | G107: 4 | H107: ='Tầng 1'!AW107+'Tầng 2'!AN107+'Tầng 3'!AW107+'Tầng 4'!AQ107+'Tầng 5'!AL107+'Tầng 6'!V107 -> 4 | I107: =H107-G107 -> 0

Sheet Tầng 1
A3: STT | B3: Phân loại | C3: Tên thiết bị | G3: Vị trí lắp đặt - Người sử dụng (Số lượng) | AW3: Tổng
D4: Mã thiết bị | E4: Cấu hình thiết bị | F4: Hãng sản xuất | G4: 1F1 | H4: 1F2 (Bảo vệ) | I4: 1F3 | J4: 1F4 | K4: 1F5 | L4: 1F6 | M4: 1F7 | N4: 1F8 | O4: 1F9 | P4: 1F10 | Q4: 1F11 | R4: 1F12 | S4: 1F13 | T4: 1F14 | U4: 1F15 | V4: 1F16 | W4: 1F17 | X4: 1F18 | Y4: 1F19 | Z4: 1F20 (Hành lang khu mầm non) | AA4: 1F21 | AB4: WC Y4-Y5 | AC4: CT bộ Y4-Y5 | AD4: HL Y4-Y12 | AE4: Sảnh Y7-Y9 | AF4: WC nhà ăn | AG4: QL bếp ăn | AH4: HL X1-X9 | AI4: Sân bóng rổ | AJ4: Sân bóng đá | AK4: Bể bơi | AL4: Sảnh thang máy | AM4: Thang bộ Y13-Y14 | AN4: Sảnh bảo vệ | AO4: Sân Y4-Y13 | AP4: Cổng số 1 | AQ4: Cổng số 2 | AR4: Lái xe 1 | AS4: Lái xe 2 | AT4: Trạm Bơm | AU4: Lao công | AV4: Hàng rào quanh trường
A5: 1 | B5: Camera | C5: Đầu lưu trữ hình ảnh | D5: DS-7732NI-K4 | AW5: =SUM(G5:AV5) -> 0
A6: 2 | B6: Camera | C6: Ổ cứng Seagate Skyhawk ST4000VX007 | AW6: =SUM(G6:AV6) -> 0
A7: 3 | B7: Camera | C7: Camera IP Dome hồng ngoại 2.0 Megapixel | D7: DS-2CD1123G0E-I(L) | I7: 1 | AC7: 1 | AM7: 1 | AW7: =SUM(G7:AV7) -> 3
A8: 4 | B8: Camera | C8: Camera IP dome hồng ngoại trong nhà POE (Hành lang, lớp học,thang máy…) | D8: MS-C2975-PB | G8: 1 | H8: 1 | I8: 9 | J8: 1 | K8: 1 | L8: 1 | O8: 1 | P8: 1 | Q8: 1 | S8: 1 | T8: 1 | U8: 1 | V8: 1 | W8: 1 | X8: 1 | Y8: 1 | Z8: 5 | AD8: 7 | AH8: 3 | AL8: 1 | AW8: =SUM(G8:AV8) -> 40
A9: 5 | B9: Camera | C9: Camera hồng ngoại IP bullet 1080p IP66 (Sân chơi, bể bơi, sân bóng rổ, sân khấu…) | D9: MS-C2962-FPB | AI9: 2 | AK9: 2 | AO9: 5 | AV9: 9 | AW9: =SUM(G9:AV9) -> 18
A10: 6 | B10: Camera | C10: Camera bullet cho ứng dụng nhận diện khuôn mặt với P -Iris (Cổng ra vào 1,2) | D10: MS-C2862-FPB | AP10: 1 | AQ10: 1 | AW10: =SUM(G10:AV10) -> 2
A11: 7 | B11: Camera | C11: Camera IP quay quét (PTZ) -quan sát toàn cảnh | D11: MS-C2941-X30R(P)B | AJ11: 1 | AN11: 1 | AQ11: 1 | AW11: =SUM(G11:AV11) -> 3
A12: 8 | B12: Camera | C12: Đầu lưu trữ hình ảnh | D12: MS-N8032-UH | AW12: =SUM(G12:AV12) -> 0
A13: 9 | B13: Camera | C13: Switch 08 cổng PoE + 2 SFP | D13: GS-4210-8P2S | H13: 1 | AR13: 1 | AT13: 1 | AU13: 1 | AW13: =SUM(G13:AV13) -> 4
A14: 10 | B14: Camera | C14: Switch 24 cổng LAN trung tâm | D14: GS-5220-20T4C4X | AW14: =SUM(G14:AV14) -> 0
A15: 11 | B15: Camera | C15: Module quang | D15: MGB series MGB-LX | AU15: 1 | AW15: =SUM(G15:AV15) -> 1
A16: 12 | B16: Camera | C16: Bộ chuyển đổi quang điện | D16: GT-802S | AW16: =SUM(G16:AV16) -> 0
A17: 13 | B17: Camera | C17: Bộ chuyển đổi (Dùng cho Camera lắp trong thang máy). | D17: VC-201A-EU | AW17: =SUM(G17:AV17) -> 0
A18: 14 | B18: Camera | C18: Bộ thiết bị mạng kéo dài nguồn tích hợp công nghệ POE | D18: FPI -100GA | AW18: =SUM(G18:AV18) -> 0
A19: 15 | B19: Camera | C19: Ổ cứng Seagate Skyhawk ST4000VX007 | AW19: =SUM(G19:AV19) -> 0
A20: 16 | B20: Camera | C20: Smart Tivi Samsung 49 inch Full HD | D20: 49J5250 | H20: 3 | AQ20: 1 | AW20: =SUM(G20:AV20) -> 4
A21: 17 | B21: Camera | C21: Dây HDMI 5m | D21: Ugreen | H21: 3 | AW21: =SUM(G21:AV21) -> 3
A22: 18 | B22: Camera | C22: Máy chủ HP | D22: 4FU52AV HP Z2 Tower G4 | H22: 1 | AW22: =SUM(G22:AV22) -> 1
A23: 19 | B23: Camera | C23: Màn hình máy tính HP | D23: 3AL28AA HP | AW23: =SUM(G23:AV23) -> 0
A24: 20 | B24: Camera | C24: Bộ lưu điện APC Smart-UPS On-Line, 6000 Watts /6000 VA | D24: SRT6KXLI | AW24: =SUM(G24:AV24) -> 0
A25: 21 | B25: Camera | C25: Cần điều khiển chuyên dụng cho các loại Camera Bullet, Dome, PTZ ở góc view xa | D25: MS-K02 | H25: 1 | AW25: =SUM(G25:AV25) -> 1
A26: 22 | B26: Camera | C26: Tủ trung tâm đựng thiết bị 27U -kèm SPU -Cánh cửa lưới - màu đen | D26: VN-/- | AW26: =SUM(G26:AV26) -> 0
A27: 23 | B27: Âm thanh | C27: ÂM ly 60w | D27: PLE-1MA060-EU | N27: 1 | T27: 1 | U27: 1 | V27: 1 | AW27: =SUM(G27:AV27) -> 4
A28: 24 | B28: Âm thanh | C28: ÂM ly 240w | D28: PLE-1ME240-EU | M28: 1 | AW28: =SUM(G28:AV28) -> 1
A29: 25 | B29: Âm thanh | C29: ÂM ly 120w | D29: PLE-1MA120-EU | AS29: 1 | AW29: =SUM(G29:AV29) -> 1
A30: 26 | B30: Âm thanh | C30: Loa 6w | D30: LHM0606/10 | Z30: 6 | AB30: 2 | AD30: 10 | AE30: 2 | AF30: 1 | AH30: 6 | AW30: =SUM(G30:AV30) -> 27
A31: 27 | B31: Âm thanh | C31: Loa 24w | D31: LBC3099/41 | I31: 6 | M31: 6 | N31: 4 | T31: 2 | U31: 2 | V31: 2 | W31: 2 | X31: 2 | Y31: 2 | AN31: 4 | AW31: =SUM(G31:AV31) -> 32
A32: 28 | B32: Âm thanh | C32: Mic không dây | D32: MW1-HTX-F5 | M32: 2 | AS32: 1 | AW32: =SUM(G32:AV32) -> 3
A33: 29 | B33: Âm thanh | C33: ÂM ly 480w | D33: LBB1938/20 | G33: 1 | AW33: =SUM(G33:AV33) -> 1
A34: 30 | B34: Âm thanh | C34: Bộ thu | D34: MW1-RX-F5 | M34: 1 | U34: 1 | V34: 1 | W34: 1 | AS34: 1 | AW34: =SUM(G34:AV34) -> 5
A35: 31 | B35: Âm thanh | C35: ÂM ly 480w | D35: FV-248PA | AW35: =SUM(G35:AV35) -> 0
A36: 32 | B36: Âm thanh | C36: Bàn trộn (Mixer) | D36: MG10XU | AS36: 1 | AW36: =SUM(G36:AV36) -> 1
A37: 33 | B37: Âm thanh | C37: Mic đại biểu | D37: CCS-DL | M37: 25 | AW37: =SUM(G37:AV37) -> 25
A38: 34 | B38: Âm thanh | C38: Mic chủ tịch | D38: CCS-CML | M38: 1 | AW38: =SUM(G38:AV38) -> 1
A39: 35 | B39: Âm thanh | C39: Bộ điều khiển trung tâm | D39: CCS-CUD | M39: 1 | AW39: =SUM(G39:AV39) -> 1
A40: 36 | B40: Âm thanh | C40: cáp nối dài 10M | D40: LBB3316/10 | M40: 2 | AW40: =SUM(G40:AV40) -> 2
A41: 37 | B41: Âm thanh | C41: Loa hộp 30w | D41: LB2/UC30-D1 | AW41: =SUM(G41:AV41) -> 0
A42: 38 | B42: Âm thanh | C42: Mic cài ve | D42: MW1-LTX-F5 | AW42: =SUM(G42:AV42) -> 0
A43: 39 | B43: Âm thanh | C43: Âm ly 30w | D43: PLE-1MA030-EU | AG43: 1 | AW43: =SUM(G43:AV43) -> 1
A44: 40 | B44: Âm thanh | C44: Loa hộp 90w | D44: EVID-S5.2XW | AI44: 2 | AJ44: 4 | AK44: 2 | AW44: =SUM(G44:AV44) -> 8
A45: 41 | B45: Âm thanh | C45: Network | D45: IP-1000CI | AW45: =SUM(G45:AV45) -> 0
A46: 42 | B46: Âm thanh | C46: Phần mềm | D46: IP-1000S | AW46: =SUM(G46:AV46) -> 0
A47: 43 | B47: Âm thanh | C47: Khối giao diện audio | D47: IP-1000AF | G47: 1 | AG47: 1 | AW47: =SUM(G47:AV47) -> 2
A48: 44 | B48: Âm thanh | C48: Module mạng | D48: IP-100XI | AW48: =SUM(G48:AV48) -> 0
A49: 45 | B49: Âm thanh | C49: Âm ly 120w | D49: AX-0120 | AW49: =SUM(G49:AV49) -> 0
A50: 46 | B50: Âm thanh | C50: Âm ly 240w | D50: AX-0240 | AW50: =SUM(G50:AV50) -> 0
A51: 47 | B51: Âm thanh | C51: Micro chọn 10 vùng IP | D51: IP-100RM | H51: 1 | AW51: =SUM(G51:AV51) -> 1
A52: 48 | B52: Âm thanh | C52: Tủ 12 U có khay để mixer | AS52: 1 | AW52: =SUM(G52:AV52) -> 1
A53: 49 | B53: Âm thanh | C53: Tủ 32U | D53: D600 | AW53: =SUM(G53:AV53) -> 0
A54: 50 | B54: Máy tính bàn | C54: Máy tính bàn DELL | D54: Dell 3470ST | E54: Hệ điều hành: Free Dos CPU: Intel Pentium Gold G5400 3.70 GHz, 4MB RAM: 1x4GB DDR4 Ổ đĩa cứng: 1TB 7200 rpm VGA: Intel HD Graphics Wifi: Có tích hợp wifi,DVD | F54: DELL | O54: 5 | U54: 1 | W54: 1 | AG54: 1 | AW54: =SUM(G54:AV54) -> 8
A55: 51 | B55: Máy tính bàn | C55: Máy tính bàn DELL | D55: Dell 3470ST | E55: Hệ điều hành: Free Dos CPU: Intel Pentium Gold G5400 3.70 GHz, 4MB RAM: 2x4GB DDR4 VGA: Intel HD Graphics Wifi: Có tích hợp wifi,DVD | F55: DELL | J55: 1 | L55: 3 | O55: 1 | P55: 2 | AW55: =SUM(G55:AV55) -> 7
A56: 52 | B56: Máy tính bàn | C56: Máy tính bàn DELL | D56: Dell 3470ST | E56: Hệ điều hành: Free Dos CPU: Intel Pentium Gold G5400 3.70 GHz, 4MB RAM: 2x4GB DDR4 Ổ đĩa cứng: 1TB 7200 rpm VGA: Intel HD Graphics Wifi: Có tích hợp wifi,DVD | F56: DELL | AW56: =SUM(G56:AV56) -> 0
A57: 53 | B57: Màn hình máy tính | C57: Màn hình máy tính để bàn Dell | D57: Man hinh LCD Dell E2016HV 19.5" | E57: 19.5" TN, HD+ 1600x900, WLed Backlight, độ tương phản 600:1, độ sáng: 200 cd/m2, độ trễ: 5ms, kếtt nối: 1 x VGA. | F57: DELL | J57: 1 | L57: 3 | O57: 7 | P57: 1 | U57: 1 | W57: 1 | AG57: 1 | AW57: =SUM(G57:AV57) -> 15
A58: 54 | B58: Màn hình máy tính | C58: Màn hình máy tính để bàn Dell | D58: Màn hình máy tính Dell SE2417HG | E58: 23.6" IPS, Full HD 1920x1080, Led Backlight, độ tương phản 1000:1, độ sáng: 3000 cd/m2, độ trễ: 5ms, kết nối: 1 x HDMI, 1 x VGA. | F58: DELL | AW58: =SUM(G58:AV58) -> 0
A59: 55 | B59: Máy tính bàn DELL | C59: Máy tính bàn DELL | D59: Dell 3671 | E59: Máy tính để bàn Dell Vostro 3671 - MT71 G5420W-4G-1T: Intel Pentium G5420 (4MB Cache, up to 3.8GHz); 4GB (lx 4GB) 2400MHz DDR4; 1TB 7200RPM Hard Drive; 6 cling SSD 120GB; DVDRW; Intelgrated Graphics; Chuột; Bàn phím; Windows 10 home | F59: DELL | O59: 1 | AW59: =SUM(G59:AV59) -> 1
A60: 56 | B60: Màn hình máy tính | C60: Màn hình máy tính để bàn Dell | D60: Dell E2016HV | E60: Man hinh may tinh DELL LCD E2016Hv - 19.5" | F60: Dell | O60: 1 | AW60: =SUM(G60:AV60) -> 1
A61: 57 | B61: Máy tính bàn | C61: Máy tính bàn | E61: Cpu E5 2689 2.6Ghz*2/TN CM T400i*2/ Main SPM X9DRL/ RAM 16G*4/HĐ 1TB/ASUS RX570 4Gb /K/M/ Case + Nguồn 600W CM/ LCD E2417H | F61: Cây lắp ráp ĐNA | AW61: =SUM(G61:AV61) -> 0
A62: 58 | B62: Laptop Dell | C62: Laptop Dell | D62: Dell Latitude 3400 | H62: 1 | L62: 1 | AW62: =SUM(G62:AV62) -> 2
A63: 59 | B63: Máy in, photo | C63: Máy in, photo | D63: Canon 251DW | L63: 1 | O63: 1 | AW63: =SUM(G63:AV63) -> 2
A64: 60 | B64: Máy in, photo | C64: Máy in, photo | D64: Canon 252DW | AW64: =SUM(G64:AV64) -> 0
A65: 61 | B65: Máy in, photo | C65: Máy in, photo | D65: HP | AW65: =SUM(G65:AV65) -> 0
A66: 62 | B66: Máy in, photo | C66: Máy in, photo | D66: Ricoh 7502 | Q66: 1 | AW66: =SUM(G66:AV66) -> 1
A67: 63 | B67: Máy in, photo | C67: Máy in, photo | D67: Toshiba 5560C | Q67: 1 | AW67: =SUM(G67:AV67) -> 1
A68: 64 | B68: Máy chiếu | C68: Máy chiếu | D68: Epson EB-W05 | AW68: =SUM(G68:AV68) -> 0
A69: 65 | B69: Máy chiếu | C69: Máy chiếu | D69: Sony VPL-EX430 | AW69: =SUM(G69:AV69) -> 0
A70: 66 | B70: Máy chiếu | C70: Máy chiếu | D70: Sony VPL-EX435,EX575 | M70: 1 | N70: 1 | U70: 1 | V70: 1 | W70: 1 | AW70: =SUM(G70:AV70) -> 5
A71: 67 | B71: Unifi | C71: Bộ phát sóng không dây | D71: UBIQUITI UniFi AP AC Pro | L71: 1 | M71: 1 | N71: 1 | O71: 1 | P71: 1 | U71: 1 | W71: 1 | AQ71: 1 | AW71: =SUM(G71:AV71) -> 8
A72: 68 | B72: Máy chấm công | C72: Máy chấm công cho cán bộ,nhân viên | D72: Ronald Jack UA300 | H72: 1 | AD72: 1 | AW72: =SUM(G72:AV72) -> 2
A73: 69 | B73: Máy quẹt thẻ | C73: Máy quẹt thẻ cho học sinh | D73: Zkteco TA939 | H73: 5 | Z73: 1 | AH73: 1 | AQ73: 1 | AW73: =SUM(G73:AV73) -> 8
A74: 70 | B74: Server | C74: Máy chủ DELL EMC R540 | D74: 9KGZ8X2 9LJZ8X2 9LRT8X2 2JDYVV2 | E74: Processor: 2 x Intel® Xeon® Silver 4114 Processor 13.75M Cache, 2.20 GHz Memory: 4 x 32GB PC4-21300 ECC 2666 MHz Registered DIMMs Network Controller: 2 x 1GE LOM (optional) OCP 2 x 10GE SFP+ or BaseT or 2 x 1GE Raid Controller: PERC H730P RAID Controller Mini Mono, 2GB NV Cache Hard Drive: 2 x 2TB Dell Enterprise 7200 RPM SATA 3.5" Optical Drive: Slim 8X DVD+/-RW 9.5mm Internal Drive PCI-Express Slots: 1 x FH/FL + 1 x HH/HL (2U Right riser) slots + 3HH/HL slots Power Supply: 1x 750w Options 2x 750w Management: iDRAC9 with Lifecycle Controller Form Factor: 2U DELL 750 WATT POWER SUPPLY2 x Dell EMC R540 Heat Sink2 x TRAY DELL 3.5" 14G CADDY X7K8W | F74: Dell | AW74: =SUM(G74:AV74) -> 0
A75: 71 | B75: Server | C75: Máy chủ DELL EMC R540 | D75: 9LMV8X2 | E75: Processor: 2 x Intel® Xeon® Silver 4114 Processor 13.75M Cache, 2.20 GHz Memory: 4 x 32GB PC4-21300 ECC 2666 MHz Registered DIMMs Network Controller: 2 x 1GE LOM (optional) OCP 2 x 10GE SFP+ or BaseT or 2 x 1GE Raid Controller: PERC H730P RAID Controller Mini Mono, 2GB NV Cache Hard Drive: 2 x SSD INTEL 240GB 2.5" S4510 2 x 2TB Dell Enterprise 7200 RPM SATA 3.5" Optical Drive: Slim 8X DVD+/-RW 9.5mm Internal Drive PCI-Express Slots: 1 x FH/FL + 1 x HH/HL (2U Right riser) slots + 3HH/HL slots Power Supply: 1x 750w Options 2x 750w Management: iDRAC9 with Lifecycle Controller Form Factor: 2U DELL 750 WATT POWER SUPPLY2 x Dell EMC R540 Heat Sink4 x TRAY DELL 3.5" 14G CADDY X7K8W 2 x DELL converter bracket 3.5" to 2.5" | F75: Dell | AW75: =SUM(G75:AV75) -> 0
A76: 72 | B76: Server | C76: Máy chủ DELL EMC R540 | D76: 9LPV8X2 | E76: Processor: Intel® Xeon® Silver 4114 Processor 13.75M Cache, 2.20 GHz Memory: 3 x 32GB PC4-21300 ECC 2666 MHz Registered DIMMs Network Controller: 2 x 1GE LOM (optional) OCP 2 x 10GE SFP+ or BaseT or 2 x 1GE Raid Controller: PERC H730P RAID Controller Mini Mono, 2GB NV Cache Hard Drive: 2 x 2TB Dell Enterprise 7200 RPM SATA 3.5" Optical Drive: Slim 8X DVD+/-RW 9.5mm Internal Drive PCI-Express Slots: 1 x FH/FL + 1 x HH/HL (2U Right riser) slots + 3HH/HL slots Power Supply: 1x 750w Options 2x 750w Management: iDRAC9 with Lifecycle Controller Form Factor: 2U DELL 750 WATT POWER SUPPLYDell EMC R540 Heat Sink2 x TRAY DELL 3.5" 14G CADDY X7K8W | F76: Dell | AW76: =SUM(G76:AV76) -> 0
A77: 73 | B77: Server | C77: Workstation ( Boot room ) | E77: Mainboard Intel S1200 SPSR CPU Intel Xeon E3-1230 v6 (8M Cache, 3.5GHz) Ram Kingston 8GB ECC DDR4/2400 (KSM24ES8/8ME) SSD Samsung 860 EVO 250GB M.2 Sata (Mz-N6E250BW) HDD WD Black 2TB Sata3(WD2003FZEX) Power Cooler Master 500W Elite V3 Case Erosi X9 (No power) Card Gigabyte 2GB N1030OC-2GI | F77: Lắp ráp ĐNA | AW77: =SUM(G77:AV77) -> 0
A78: 74 | B78: Server | C78: Intel® Ethernet Server Adapter I350-T4 | D78: 8A0380 8A0738 87E510 87B0B8 87E2EC | E78: Intel Ethernet Server Adapter I350-T4 PCI Express Genx2.1 INTEL I350T4 Quad-Port Network Lan Card Model No: Intel Ethernet I350-T4 Bus Type：PCI Express 2.1(5GT/s) Chipset：Intel® NHI350AM4 | AW78: =SUM(G78:AV78) -> 0
A79: 75 | B79: Server | C79: Tủ server HRN 20U | D79: D1000 | AW79: =SUM(G79:AV79) -> 0
A80: 76 | B80: Thiết bị mạng | C80: Thiết bị Firewall, dùng để bảo vệ, thiết lập các chính sách bảo mật giữa các mạng LAN với nhau và bảo vệ người dùng từ các cuộc tấn công từ Internet | D80: SRX1500-AC | E80: SRX1500 with 16x1G, 4x10G (SFP+) on-board ports, 1x AC PSU and 100GB SSD | F80: Juniper | AW80: =SUM(G80:AV80) -> 0
A81: 77 | B81: Thiết bị mạng | C81: Phần mềm cho thiết bị tường lửa | D81: SRX1500-JSE | E81: SRX1500 Juniper Secure Edge software with Firewall, NAT, IPSec, Routing, Switching, MPLS and Application Security services (requireSRX1500-AC or SRX1500-DC to complete the system) | F81: Juniper | AW81: =SUM(G81:AV81) -> 0
A82: 78 | B82: Thiết bị mạng | C82: Kết nối lên Core switch. Mỗi FW 2 kết nối | D82: SFPP-AT-LP-85-03 | E82: SFP+ Plug-in, 10Gbps, 300m, TX/RX 850nm, on two multimode fiber | F82: Ascent Comtech | AW82: =SUM(G82:AV82) -> 0
A83: 79 | B83: Thiết bị mạng | C83: Thiết bị chuyển mạch trung tâm, cung cấp các kết nội quang 10G đến switch access, Firewall. Là thiết bị chuyển mạch có năng lực lớn, độ trễ thấp, đảm bảo năng lực chuyển mạch cho toàn bộ hệ thống | D83: EX4600-40F-AFO | E83: EX4600, 24 SFP+/SFP ports, 4 QSFP+ ports, 2 expansion slots, redundant fans, 2 AC power supplies, front to back airflow | F83: Juniper | AW83: =SUM(G83:AV83) -> 0
A84: 80 | B84: Thiết bị mạng | C84: Slot mở rộng 8 cổng 10G | D84: EX4600-EM-8F | E84: EX4600 8 port SFP+/SFP expansion module | F84: Juniper | AW84: =SUM(G84:AV84) -> 0
A85: 81 | B85: Thiết bị mạng | C85: Cáp stack 80G giữa 2 thiết bị core | D85: QFX-QSFP-DAC-1M | E85: QSFP+ Cable Assy, 1m, 30AWG, Passive, Programmable ID | F85: Juniper | AW85: =SUM(G85:AV85) -> 0
A86: 82 | B86: Thiết bị mạng | C86: Module đồng, kết nối lên cân bằng tải, mỗi mỗi thiết bị Core có 1 kết nối lên cân bằng tải | D86: EX-SFP-1GE-T | E86: Small Form Factor Pluggable 10/100/1000 Copper Transceiver Module | F86: Ascent Comtech | AW86: =SUM(G86:AV86) -> 0
A87: 83 | B87: Thiết bị mạng | C87: Switch access tầng, cung cấp giao diện kết nối đến các thiết bị đầu cuối từng tầng và core switch | D87: EX2300-24T | E87: EX2300 24-port 10/100/1000BaseT, 4 x 1/10G SFP/SFP+ (optics sold separately) | F87: Juniper | Z87: 1 | AD87: 1 | AH87: 2 | AW87: =SUM(G87:AV87) -> 4
A88: 84 | B88: Thiết bị mạng | C88: Switch access tầng, cung cấp giao diện kết nối đến các thiết bị đầu cuối từng tầng và core switch | D88: EX2300-48T | E88: EX2300 48-port 10/100/1000BaseT, 4 x 1/10G SFP/SFP+ (optics sold separately) | F88: Juniper | AD88: 1 | AW88: =SUM(G88:AV88) -> 1
A89: 85 | B89: Thiết bị mạng | C89: Switch server, gom các kết nối vào hệ thống server chuyên dụng | D89: EX2300-24T | E89: EX2300 24-port 10/100/1000BaseT, 4 x 1/10G SFP/SFP+ (optics sold separately) | F89: Juniper | AW89: =SUM(G89:AV89) -> 0
A90: 86 | B90: Máy đặt suất ăn | C90: Máy tính bàn DELL | D90: Dell Vostro 3470ST (HXKWJ2) | E90: CPU: Intel Pentium® Gold G5420 (3.80 GHz, 2 Cores 4 Threads, 4MB Cache) RAM: 4GB DDR4 Ổ cứng: 1TB HDD 7200rpm VGA: Intel® UHD Graphics 610 Kết nối mạng: Wlan + Bluetooth | F90: Dell | AE90: 1 | AW90: =SUM(G90:AV90) -> 1
A91: 87 | B91: Máy đặt suất ăn | C91: Màn hình máy tính để bàn Dell | D91: Dell P2418HT | E91: 23.8'' FHD (1920x1080) Anti-Glare, IPS, @ 60Hz. Độ tương phản 1000:1, thời gian đáp ứng 6ms Độ sáng: 250 cd/m2, góc nhìn: 178 độ (V) x 178 độ (H) Ports : VGA, HDMI, Audio, Display Port, 4x USB | F91: Dell | AE91: 1 | AW91: =SUM(G91:AV91) -> 1
A92: 88 | B92: Máy chiếu | C92: Máy chiếu Epson | D92: EB–E10 | F92: Epson | AW92: =SUM(G92:AV92) -> 0
A93: 89 | B93: Máy in, photo | C93: Máy in, photo | D93: LBP 226 | F93: Canon | AW93: =SUM(G93:AV93) -> 0
A94: 90 | B94: Máy tính bàn | C94: Máy tính bàn DELL | D94: Dell Vostro 3681 | E94: 120Gb SSD + 1Tb HDD, DDr 4 4gb | F94: Dell | X94: 1 | AW94: =SUM(G94:AV94) -> 1
A95: 91 | B95: Máy tính bàn | C95: Máy tính bàn DELL | D95: Dell Vostro 3681 | E95: 256Gb SSD, DDr4 8gb | F95: Dell | AW95: =SUM(G95:AV95) -> 0
A96: 92 | B96: Máy tính bàn | C96: Màn hình máy tính để bàn Dell | D96: Dell E1920H | F96: DELL | X96: 1 | AW96: =SUM(G96:AV96) -> 1
A97: 93 | B97: Máy chiếu | C97: Phông chiếu cơ | AW97: =SUM(G97:AV97) -> 0
A98: 94 | B98: Âm thanh | C98: Loa phóng | AJ98: 2 | AO98: 1 | AW98: =SUM(G98:AV98) -> 3
A99: 95 | B99: Máy tính bàn | C99: Case máy tính ĐNA ( I5 12400, mainboard gigabyte B760, SSD kingmax 250Gb, DDR4 8Gb. Bàn phím chuột Fuhlen) | AW99: =SUM(G99:AV99) -> 0
A100: 96 | B100: Máy tính bàn | C100: Màn hình máy tính để bàn Dell | D100: Dell 2225H | AW100: =SUM(G100:AV100) -> 0
A101: 97 | B101: Máy tính bàn | C101: Bộ lưu điện APC 700VA | D101: BVX700LUI-MS | H101: 1 | AQ101: 1 | AT101: 1 | AW101: =SUM(G101:AV101) -> 3
A102: 98 | B102: Thiết bị mạng | C102: Thiết bị cân bằng tải | D102: Draytek Vigor 2926 Plus | AW102: =SUM(G102:AV102) -> 0
...

Sheet Tầng 2
A3: STT | B3: Phân loại | C3: Tên thiết bị | G3: Vị trí lắp đặt - Người sử dụng (Số lượng) | AN3: Tổng
D4: Mã thiết bị | E4: Cấu hình thiết bị | F4: Hãng sản xuất | G4: 2F1 | H4: 2F2 | I4: 2F3 | J4: 2F4 | K4: 2F5 | L4: 2F6 | M4: 2F7 | N4: 2F8 | O4: 2F9 | P4: 2F10 | Q4: 2F11 | R4: 2F12 | S4: 2F13 | T4: 2F14 | U4: 2F15 | V4: 2F16 | W4: 2F17 | X4: 2F18 | Y4: 2F19 | Z4: 2F20 | AA4: 2F21 | AB4: 2F22 | AC4: 2F23 | AD4: WC Y4-Y5 | AE4: WC Y15-Y16 | AF4: CT bộ Y4-Y5 | AG4: HL Y1-Y16 | AH4: Sảnh Y7-Y9 | AI4: WC Y10-Y11 | AJ4: HL X1-X7 | AK4: HL thư viện | AL4: Sảnh thang máy | AM4: Thang bộ Y13-Y14
B5: Camera | C5: Đầu lưu trữ hình ảnh | D5: DS-7732NI-K4 | AN5: =SUM(G5:AM5) -> 0
B6: Camera | C6: Ổ cứng Seagate Skyhawk ST4000VX007 | AN6: =SUM(G6:AM6) -> 0
B7: Camera | C7: Camera IP Dome hồng ngoại 2.0 Megapixel | D7: DS-2CD1123G0E-I(L) | AF7: 1 | AN7: =SUM(G7:AM7) -> 1
A8: 1 | B8: Camera | C8: Camera IP dome hồng ngoại trong nhà POE (Hành lang, lớp học,thang máy…) | D8: MS-C2975-PB | H8: 1 | J8: 1 | K8: 7 | L8: 1 | M8: 1 | N8: 2 | O8: 1 | P8: 1 | Q8: 1 | R8: 1 | S8: 1 | T8: 1 | U8: 1 | V8: 1 | W8: 1 | X8: 1 | Y8: 1 | Z8: 1 | AA8: 1 | AB8: 1 | AC8: 3 | AG8: 11 | AJ8: 3 | AK8: 1 | AL8: 1 | AN8: =SUM(G8:AM8) -> 46
A9: 2 | B9: Camera | C9: Camera hồng ngoại IP bullet 1080p IP66 (Sân chơi, bể bơi, sân bóng rổ, sân khấu…) | D9: MS-C2962-FPB | AN9: =SUM(G9:AM9) -> 0
A10: 3 | B10: Camera | C10: Camera bullet cho ứng dụng nhận diện khuôn mặt với P -Iris (Cổng ra vào 1,2) | D10: MS-C2862-FPB | AN10: =SUM(G10:AM10) -> 0
A11: 4 | B11: Camera | C11: Camera IP quay quét (PTZ) -quan sát toàn cảnh | D11: MS-C2941-X30R(P)B | AN11: =SUM(G11:AM11) -> 0
A12: 5 | B12: Camera | C12: Đầu lưu trữ hình ảnh | D12: MS-N8032-UH | AN12: =SUM(G12:AM12) -> 0
A13: 6 | B13: Camera | C13: Switch 08 cổng PoE + 2 SFP | D13: GS-4210-8P2S | AN13: =SUM(G13:AM13) -> 0
A14: 7 | B14: Camera | C14: Switch 24 cổng LAN trung tâm | D14: GS-5220-20T4C4X | AN14: =SUM(G14:AM14) -> 0
A15: 8 | B15: Camera | C15: Module quang | D15: MGB series MGB-LX | AN15: =SUM(G15:AM15) -> 0
A16: 9 | B16: Camera | C16: Bộ chuyển đổi quang điện | D16: GT-802S | AN16: =SUM(G16:AM16) -> 0
A17: 10 | B17: Camera | C17: Bộ chuyển đổi (Dùng cho Camera lắp trong thang máy). | D17: VC-201A-EU | AN17: =SUM(G17:AM17) -> 0
A18: 11 | B18: Camera | C18: Bộ thiết bị mạng kéo dài nguồn tích hợp công nghệ POE | D18: FPI -100GA | AN18: =SUM(G18:AM18) -> 0
A19: 12 | B19: Camera | C19: Ổ cứng Seagate Skyhawk ST4000VX007 | AN19: =SUM(G19:AM19) -> 0
A20: 13 | B20: Camera | C20: Smart Tivi Samsung 49 inch Full HD | D20: 49J5250 | AN20: =SUM(G20:AM20) -> 0
A21: 14 | B21: Camera | C21: Dây HDMI 5m | D21: Ugreen | AN21: =SUM(G21:AM21) -> 0
A22: 15 | B22: Camera | C22: Máy chủ HP | D22: 4FU52AV HP Z2 Tower G4 | AN22: =SUM(G22:AM22) -> 0
A23: 16 | B23: Camera | C23: Màn hình máy tính HP | D23: 3AL28AA HP | AN23: =SUM(G23:AM23) -> 0
A24: 17 | B24: Camera | C24: Bộ lưu điện APC Smart-UPS On-Line, 6000 Watts /6000 VA | D24: SRT6KXLI | AN24: =SUM(G24:AM24) -> 0
A25: 18 | B25: Camera | C25: Cần điều khiển chuyên dụng cho các loại Camera Bullet, Dome, PTZ ở góc view xa | D25: MS-K02 | AN25: =SUM(G25:AM25) -> 0
A26: 19 | B26: Camera | C26: Tủ trung tâm đựng thiết bị 27U -kèm SPU -Cánh cửa lưới - màu đen | D26: VN-/- | AN26: =SUM(G26:AM26) -> 0
A27: 20 | B27: Âm thanh | C27: ÂM ly 60w | D27: PLE-1MA060-EU | H27: 1 | J27: 1 | L27: 1 | M27: 1 | O27: 1 | P27: 1 | Q27: 1 | R27: 1 | S27: 1 | T27: 1 | U27: 1 | W27: 1 | X27: 1 | Y27: 1 | AB27: 1 | AN27: =SUM(G27:AM27) -> 15
A28: 21 | B28: Âm thanh | C28: ÂM ly 240w | D28: PLE-1ME240-EU | AN28: =SUM(G28:AM28) -> 0
A29: 22 | B29: Âm thanh | C29: ÂM ly 120w | D29: PLE-1MA120-EU | X29: 1 | AN29: =SUM(G29:AM29) -> 1
A30: 23 | B30: Âm thanh | C30: Loa 6w | D30: LHM0606/10 | AD30: 4 | AE30: 2 | AG30: 15 | AH30: 1 | AI30: 4 | AJ30: 5 | AK30: 4 | AN30: =SUM(G30:AM30) -> 35
A31: 24 | B31: Âm thanh | C31: Loa 24w | D31: LBC3099/41 | H31: 2 | J31: 2 | K31: 9 | L31: 2 | M31: 2 | O31: 2 | P31: 2 | Q31: 2 | R31: 2 | S31: 2 | T31: 2 | U31: 2 | W31: 2 | X31: 2 | Y31: 2 | AB31: 2 | AN31: =SUM(G31:AM31) -> 39
A32: 25 | B32: Âm thanh | C32: Mic không dây | D32: MW1-HTX-F5 | AN32: =SUM(G32:AM32) -> 0
A33: 26 | B33: Âm thanh | C33: ÂM ly 480w | D33: LBB1938/20 | AN33: =SUM(G33:AM33) -> 0
A34: 27 | B34: Âm thanh | C34: Bộ thu | D34: MW1-RX-F5 | H34: 1 | J34: 1 | L34: 1 | P34: 1 | R34: 1 | S34: 1 | T34: 1 | U34: 1 | AN34: =SUM(G34:AM34) -> 8
A35: 28 | B35: Âm thanh | C35: ÂM ly 480w | D35: FV-248PA | AN35: =SUM(G35:AM35) -> 0
A36: 29 | B36: Âm thanh | C36: Bàn trộn (Mixer) | D36: MG10XU | AN36: =SUM(G36:AM36) -> 0
A37: 30 | B37: Âm thanh | C37: Mic đại biểu | D37: CCS-DL | AN37: =SUM(G37:AM37) -> 0
A38: 31 | B38: Âm thanh | C38: Mic chủ tịch | D38: CCS-CML | AN38: =SUM(G38:AM38) -> 0
A39: 32 | B39: Âm thanh | C39: Bộ điều khiển trung tâm | D39: CCS-CUD | AN39: =SUM(G39:AM39) -> 0
A40: 33 | B40: Âm thanh | C40: cáp nối dài 10M | D40: LBB3316/10 | AN40: =SUM(G40:AM40) -> 0
A41: 34 | B41: Âm thanh | C41: Loa hộp 30w | D41: LB2/UC30-D1 | X41: 2 | AN41: =SUM(G41:AM41) -> 2
A42: 35 | B42: Âm thanh | C42: Mic cài ve | D42: MW1-LTX-F5 | AN42: =SUM(G42:AM42) -> 0
A43: 36 | B43: Âm thanh | C43: Âm ly 30w | D43: PLE-1MA030-EU | AN43: =SUM(G43:AM43) -> 0
A44: 37 | B44: Âm thanh | C44: Loa hộp 90w | D44: EVID-S5.2XW | AN44: =SUM(G44:AM44) -> 0
A45: 38 | B45: Âm thanh | C45: Network | D45: IP-1000CI | AN45: =SUM(G45:AM45) -> 0
A46: 39 | B46: Âm thanh | C46: Phần mềm | D46: IP-1000S | AN46: =SUM(G46:AM46) -> 0
A47: 40 | B47: Âm thanh | C47: Khối giao diện audio | D47: IP-1000AF | AN47: =SUM(G47:AM47) -> 0
A48: 41 | B48: Âm thanh | C48: Module mạng | D48: IP-100XI | AN48: =SUM(G48:AM48) -> 0
A49: 42 | B49: Âm thanh | C49: Âm ly 120w | D49: AX-0120 | AN49: =SUM(G49:AM49) -> 0
A50: 43 | B50: Âm thanh | C50: Âm ly 240w | D50: AX-0240 | AN50: =SUM(G50:AM50) -> 0
A51: 44 | B51: Âm thanh | C51: Micro chọn 10 vùng IP | D51: IP-100RM | AN51: =SUM(G51:AM51) -> 0
A52: 45 | B52: Âm thanh | C52: Tủ 12 U có khay để mixer | AN52: =SUM(G52:AM52) -> 0
A53: 46 | B53: Âm thanh | C53: Tủ 32U | D53: D600 | AN53: =SUM(G53:AM53) -> 0
A54: 47 | B54: Máy tính bàn | C54: Máy tính bàn DELL | D54: Dell 3470ST | E54: Hệ điều hành: Free Dos CPU: Intel Pentium Gold G5400 3.70 GHz, 4MB RAM: 1x4GB DDR4 Ổ đĩa cứng: 1TB 7200 rpm VGA: Intel HD Graphics Wifi: Có tích hợp wifi,DVD | F54: DELL | Q54: 1 | AN54: =SUM(G54:AM54) -> 1
A55: 48 | B55: Máy tính bàn | C55: Máy tính bàn DELL | D55: Dell 3470ST | E55: Hệ điều hành: Free Dos CPU: Intel Pentium Gold G5400 3.70 GHz, 4MB RAM: 2x4GB DDR4 VGA: Intel HD Graphics Wifi: Có tích hợp wifi,DVD | F55: DELL | H55: 1 | J55: 1 | L55: 1 | P55: 1 | Q55: 1 | R55: 1 | S55: 1 | T55: 1 | U55: 1 | V55: 2 | X55: 1 | AB55: 1 | AC55: 1 | AN55: =SUM(G55:AM55) -> 14
A56: 49 | B56: Máy tính bàn | C56: Máy tính bàn DELL | D56: Dell 3470ST | E56: Hệ điều hành: Free Dos CPU: Intel Pentium Gold G5400 3.70 GHz, 4MB RAM: 2x4GB DDR4 Ổ đĩa cứng: 1TB 7200 rpm VGA: Intel HD Graphics Wifi: Có tích hợp wifi,DVD | F56: DELL | AN56: =SUM(G56:AM56) -> 0
A57: 50 | B57: Màn hình máy tính | C57: Màn hình máy tính để bàn Dell | D57: Man hinh LCD Dell E2016HV 19.5" | E57: 19.5" TN, HD+ 1600x900, WLed Backlight, độ tương phản 600:1, độ sáng: 200 cd/m2, độ trễ: 5ms, kếtt nối: 1 x VGA. | F57: DELL | H57: 1 | J57: 1 | L57: 1 | P57: 1 | Q57: 2 | R57: 1 | S57: 1 | T57: 1 | U57: 1 | V57: 2 | X57: 1 | AB57: 1 | AC57: 1 | AN57: =SUM(G57:AM57) -> 15
A58: 51 | B58: Màn hình máy tính | C58: Màn hình máy tính để bàn Dell | D58: Màn hình máy tính Dell SE2417HG | E58: 23.6" IPS, Full HD 1920x1080, Led Backlight, độ tương phản 1000:1, độ sáng: 3000 cd/m2, độ trễ: 5ms, kết nối: 1 x HDMI, 1 x VGA. | F58: DELL | AN58: =SUM(G58:AM58) -> 0
A59: 52 | B59: Máy tính bàn DELL | C59: Máy tính bàn DELL | D59: Dell 3671 | E59: Máy tính để bàn Dell Vostro 3671 - MT71 G5420W-4G-1T: Intel Pentium G5420 (4MB Cache, up to 3.8GHz); 4GB (lx 4GB) 2400MHz DDR4; 1TB 7200RPM Hard Drive; 6 cling SSD 120GB; DVDRW; Intelgrated Graphics; Chuột; Bàn phím; Windows 10 home | F59: DELL | AN59: =SUM(G59:AM59) -> 0
A60: 53 | B60: Màn hình máy tính | C60: Màn hình máy tính để bàn Dell | D60: Dell E2016HV | E60: Man hinh may tinh DELL LCD E2016Hv - 19.5" | F60: Dell | AN60: =SUM(G60:AM60) -> 0
A61: 54 | B61: Máy tính bàn | C61: Máy tính bàn | E61: Cpu E5 2689 2.6Ghz*2/TN CM T400i*2/ Main SPM X9DRL/ RAM 16G*4/HĐ 1TB/ASUS RX570 4Gb /K/M/ Case + Nguồn 600W CM/ LCD E2417H | F61: Cây lắp ráp ĐNA | AN61: =SUM(G61:AM61) -> 0
A62: 55 | B62: Laptop Dell | C62: Laptop Dell | D62: Dell Latitude 3400 | I62: 2 | V62: 1 | AN62: =SUM(G62:AM62) -> 3
A63: 56 | B63: Máy in, photo | C63: Máy in, photo | D63: Canon 251DW | I63: 1 | N63: 1 | V63: 1 | AN63: =SUM(G63:AM63) -> 3
A64: 57 | B64: Máy in, photo | C64: Máy in, photo | D64: Canon 252DW | AN64: =SUM(G64:AM64) -> 0
A65: 58 | B65: Máy in, photo | C65: Máy in, photo | D65: HP | AN65: =SUM(G65:AM65) -> 0
A66: 59 | B66: Máy in, photo | C66: Máy in, photo | D66: Ricoh 7502 | AN66: =SUM(G66:AM66) -> 0
A67: 60 | B67: Máy in, photo | C67: Máy in, photo | D67: Toshiba 5560C | AN67: =SUM(G67:AM67) -> 0
A68: 61 | B68: Máy chiếu | C68: Máy chiếu | D68: Epson EB-W05 | M68: 1 | AN68: =SUM(G68:AM68) -> 1
A69: d | B69: Máy chiếu | C69: Máy chiếu | D69: Sony VPL-EX430 | W69: 1 | X69: 1 | Y69: 1 | AN69: =SUM(G69:AM69) -> 3
A70: 63 | B70: Máy chiếu | C70: Máy chiếu | D70: Sony VPL-EX435,EX575 | H70: 1 | J70: 1 | L70: 1 | O70: 1 | P70: 1 | Q70: 1 | R70: 1 | S70: 1 | T70: 1 | U70: 1 | AB70: 1 | AC70: 1 | AN70: =SUM(G70:AM70) -> 12
A71: 64 | B71: Unifi | C71: Bộ phát sóng không dây | D71: UBIQUITI UniFi AP AC Pro | G71: 1 | I71: 1 | N71: 1 | V71: 1 | X71: 1 | AG71: 2 | AN71: =SUM(G71:AM71) -> 7
A72: 65 | B72: Máy chấm công | C72: Máy chấm công cho cán bộ,nhân viên | D72: Ronald Jack UA300 | AG72: 1 | AN72: =SUM(G72:AM72) -> 1
A73: 66 | B73: Máy quẹt thẻ | C73: Máy quẹt thẻ cho học sinh | D73: Zkteco TA939 | AN73: =SUM(G73:AM73) -> 0
A74: 67 | B74: Server | C74: Máy chủ DELL EMC R540 | D74: 9KGZ8X2 9LJZ8X2 9LRT8X2 2JDYVV2 | E74: Processor: 2 x Intel® Xeon® Silver 4114 Processor 13.75M Cache, 2.20 GHz Memory: 4 x 32GB PC4-21300 ECC 2666 MHz Registered DIMMs Network Controller: 2 x 1GE LOM (optional) OCP 2 x 10GE SFP+ or BaseT or 2 x 1GE Raid Controller: PERC H730P RAID Controller Mini Mono, 2GB NV Cache Hard Drive: 2 x 2TB Dell Enterprise 7200 RPM SATA 3.5" Optical Drive: Slim 8X DVD+/-RW 9.5mm Internal Drive PCI-Express Slots: 1 x FH/FL + 1 x HH/HL (2U Right riser) slots + 3HH/HL slots Power Supply: 1x 750w Options 2x 750w Management: iDRAC9 with Lifecycle Controller Form Factor: 2U DELL 750 WATT POWER SUPPLY2 x Dell EMC R540 Heat Sink2 x TRAY DELL 3.5" 14G CADDY X7K8W | F74: Dell | AN74: =SUM(G74:AM74) -> 0
A75: 68 | B75: Server | C75: Máy chủ DELL EMC R540 | D75: 9LMV8X2 | E75: Processor: 2 x Intel® Xeon® Silver 4114 Processor 13.75M Cache, 2.20 GHz Memory: 4 x 32GB PC4-21300 ECC 2666 MHz Registered DIMMs Network Controller: 2 x 1GE LOM (optional) OCP 2 x 10GE SFP+ or BaseT or 2 x 1GE Raid Controller: PERC H730P RAID Controller Mini Mono, 2GB NV Cache Hard Drive: 2 x SSD INTEL 240GB 2.5" S4510 2 x 2TB Dell Enterprise 7200 RPM SATA 3.5" Optical Drive: Slim 8X DVD+/-RW 9.5mm Internal Drive PCI-Express Slots: 1 x FH/FL + 1 x HH/HL (2U Right riser) slots + 3HH/HL slots Power Supply: 1x 750w Options 2x 750w Management: iDRAC9 with Lifecycle Controller Form Factor: 2U DELL 750 WATT POWER SUPPLY2 x Dell EMC R540 Heat Sink4 x TRAY DELL 3.5" 14G CADDY X7K8W 2 x DELL converter bracket 3.5" to 2.5" | F75: Dell | AN75: =SUM(G75:AM75) -> 0
A76: 69 | B76: Server | C76: Máy chủ DELL EMC R540 | D76: 9LPV8X2 | E76: Processor: Intel® Xeon® Silver 4114 Processor 13.75M Cache, 2.20 GHz Memory: 3 x 32GB PC4-21300 ECC 2666 MHz Registered DIMMs Network Controller: 2 x 1GE LOM (optional) OCP 2 x 10GE SFP+ or BaseT or 2 x 1GE Raid Controller: PERC H730P RAID Controller Mini Mono, 2GB NV Cache Hard Drive: 2 x 2TB Dell Enterprise 7200 RPM SATA 3.5" Optical Drive: Slim 8X DVD+/-RW 9.5mm Internal Drive PCI-Express Slots: 1 x FH/FL + 1 x HH/HL (2U Right riser) slots + 3HH/HL slots Power Supply: 1x 750w Options 2x 750w Management: iDRAC9 with Lifecycle Controller Form Factor: 2U DELL 750 WATT POWER SUPPLYDell EMC R540 Heat Sink2 x TRAY DELL 3.5" 14G CADDY X7K8W | F76: Dell | AN76: =SUM(G76:AM76) -> 0
A77: 70 | B77: Server | C77: Workstation ( Boot room ) | E77: Mainboard Intel S1200 SPSR CPU Intel Xeon E3-1230 v6 (8M Cache, 3.5GHz) Ram Kingston 8GB ECC DDR4/2400 (KSM24ES8/8ME) SSD Samsung 860 EVO 250GB M.2 Sata (Mz-N6E250BW) HDD WD Black 2TB Sata3(WD2003FZEX) Power Cooler Master 500W Elite V3 Case Erosi X9 (No power) Card Gigabyte 2GB N1030OC-2GI | F77: Lắp ráp ĐNA | AN77: =SUM(G77:AM77) -> 0
A78: 71 | B78: Server | C78: Intel® Ethernet Server Adapter I350-T4 | D78: 8A0380 8A0738 87E510 87B0B8 87E2EC | E78: Intel Ethernet Server Adapter I350-T4 PCI Express Genx2.1 INTEL I350T4 Quad-Port Network Lan Card Model No: Intel Ethernet I350-T4 Bus Type：PCI Express 2.1(5GT/s) Chipset：Intel® NHI350AM4 | AN78: =SUM(G78:AM78) -> 0
A79: 72 | B79: Server | C79: Tủ server HRN 20U | D79: D1000 | AN79: =SUM(G79:AM79) -> 0
A80: 73 | B80: Thiết bị mạng | C80: Thiết bị Firewall, dùng để bảo vệ, thiết lập các chính sách bảo mật giữa các mạng LAN với nhau và bảo vệ người dùng từ các cuộc tấn công từ Internet | D80: SRX1500-AC | E80: SRX1500 with 16x1G, 4x10G (SFP+) on-board ports, 1x AC PSU and 100GB SSD | F80: Juniper | AN80: =SUM(G80:AM80) -> 0
A81: 74 | B81: Thiết bị mạng | C81: Phần mềm cho thiết bị tường lửa | D81: SRX1500-JSE | E81: SRX1500 Juniper Secure Edge software with Firewall, NAT, IPSec, Routing, Switching, MPLS and Application Security services (requireSRX1500-AC or SRX1500-DC to complete the system) | F81: Juniper | AN81: =SUM(G81:AM81) -> 0
A82: 75 | B82: Thiết bị mạng | C82: Kết nối lên Core switch. Mỗi FW 2 kết nối | D82: SFPP-AT-LP-85-03 | E82: SFP+ Plug-in, 10Gbps, 300m, TX/RX 850nm, on two multimode fiber | F82: Ascent Comtech | AN82: =SUM(G82:AM82) -> 0
A83: 76 | B83: Thiết bị mạng | C83: Thiết bị chuyển mạch trung tâm, cung cấp các kết nội quang 10G đến switch access, Firewall. Là thiết bị chuyển mạch có năng lực lớn, độ trễ thấp, đảm bảo năng lực chuyển mạch cho toàn bộ hệ thống | D83: EX4600-40F-AFO | E83: EX4600, 24 SFP+/SFP ports, 4 QSFP+ ports, 2 expansion slots, redundant fans, 2 AC power supplies, front to back airflow | F83: Juniper | AN83: =SUM(G83:AM83) -> 0
A84: 77 | B84: Thiết bị mạng | C84: Slot mở rộng 8 cổng 10G | D84: EX4600-EM-8F | E84: EX4600 8 port SFP+/SFP expansion module | F84: Juniper | AN84: =SUM(G84:AM84) -> 0
A85: 78 | B85: Thiết bị mạng | C85: Cáp stack 80G giữa 2 thiết bị core | D85: QFX-QSFP-DAC-1M | E85: QSFP+ Cable Assy, 1m, 30AWG, Passive, Programmable ID | F85: Juniper | AN85: =SUM(G85:AM85) -> 0
A86: 79 | B86: Thiết bị mạng | C86: Module đồng, kết nối lên cân bằng tải, mỗi mỗi thiết bị Core có 1 kết nối lên cân bằng tải | D86: EX-SFP-1GE-T | E86: Small Form Factor Pluggable 10/100/1000 Copper Transceiver Module | F86: Ascent Comtech | AN86: =SUM(G86:AM86) -> 0
A87: 80 | B87: Thiết bị mạng | C87: Switch access tầng, cung cấp giao diện kết nối đến các thiết bị đầu cuối từng tầng và core switch | D87: EX2300-24T | E87: EX2300 24-port 10/100/1000BaseT, 4 x 1/10G SFP/SFP+ (optics sold separately) | F87: Juniper | AG87: 2 | AJ87: 1 | AN87: =SUM(G87:AM87) -> 3
A88: 81 | B88: Thiết bị mạng | C88: Switch access tầng, cung cấp giao diện kết nối đến các thiết bị đầu cuối từng tầng và core switch | D88: EX2300-48T | E88: EX2300 48-port 10/100/1000BaseT, 4 x 1/10G SFP/SFP+ (optics sold separately) | F88: Juniper | AG88: 2 | AN88: =SUM(G88:AM88) -> 2
A89: 82 | B89: Thiết bị mạng | C89: Switch server, gom các kết nối vào hệ thống server chuyên dụng | D89: EX2300-24T | E89: EX2300 24-port 10/100/1000BaseT, 4 x 1/10G SFP/SFP+ (optics sold separately) | F89: Juniper | AN89: =SUM(G89:AM89) -> 0
A90: 83 | B90: Máy đặt suất ăn | C90: Máy tính bàn DELL | D90: Dell Vostro 3470ST (HXKWJ2) | E90: CPU: Intel Pentium® Gold G5420 (3.80 GHz, 2 Cores 4 Threads, 4MB Cache) RAM: 4GB DDR4 Ổ cứng: 1TB HDD 7200rpm VGA: Intel® UHD Graphics 610 Kết nối mạng: Wlan + Bluetooth | F90: Dell | AJ90: 1 | AN90: =SUM(G90:AM90) -> 1
A91: 84 | B91: Máy đặt suất ăn | C91: Màn hình máy tính để bàn Dell | D91: Dell P2418HT | E91: 23.8'' FHD (1920x1080) Anti-Glare, IPS, @ 60Hz. Độ tương phản 1000:1, thời gian đáp ứng 6ms Độ sáng: 250 cd/m2, góc nhìn: 178 độ (V) x 178 độ (H) Ports : VGA, HDMI, Audio, Display Port, 4x USB | F91: Dell | AJ91: 1 | AN91: =SUM(G91:AM91) -> 1
A92: 85 | B92: Máy chiếu | C92: Máy chiếu Epson | D92: EB–E10 | F92: Epson | Z92: 1 | AA92: 1 | AN92: =SUM(G92:AM92) -> 2
A93: 86 | B93: Máy in, photo | C93: Máy in, photo | D93: LBP 226 | F93: Canon | AN93: =SUM(G93:AM93) -> 0
A94: 87 | B94: Máy tính bàn | C94: Máy tính bàn DELL | D94: Dell Vostro 3681 | E94: 120Gb SSD + 1Tb HDD, DDr 4 4gb | F94: Dell | M94: 1 | O94: 1 | W94: 1 | Y94: 1 | AN94: =SUM(G94:AM94) -> 4
A95: 88 | B95: Máy tính bàn | C95: Máy tính bàn DELL | D95: Dell Vostro 3681 | E95: 256Gb SSD, DDr4 8gb | F95: Dell | AN95: =SUM(G95:AM95) -> 0
A96: 89 | B96: Máy tính bàn | C96: Màn hình máy tính để bàn Dell | D96: Dell E1920H | F96: DELL | M96: 1 | O96: 1 | W96: 1 | Y96: 1 | AN96: =SUM(G96:AM96) -> 4
A97: 93 | B97: Máy chiếu | C97: Phông chiếu cơ | Z97: 1 | AA97: 1 | AN97: =SUM(G97:AM97) -> 2
A98: 94 | B98: Âm thanh | C98: Loa phóng | AN98: =SUM(G98:AM98) -> 0
A99: 95 | B99: Máy tính bàn | C99: Case máy tính ĐNA ( I5 12400, mainboard gigabyte B760, SSD kingmax 250Gb, DDR4 8Gb. Bàn phím chuột Fuhlen) | AN99: =SUM(G99:AM99) -> 0
A100: 96 | B100: Máy tính bàn | C100: Màn hình máy tính để bàn Dell | D100: Dell 2225H | AN100: =SUM(G100:AM100) -> 0
A101: 97 | B101: Máy tính bàn | C101: Bộ lưu điện APC 700VA | D101: BVX700LUI-MS | AN101: =SUM(G101:AM101) -> 0
A102: 98 | B102: Thiết bị mạng | C102: Thiết bị cân bằng tải | D102: Draytek Vigor 2926 Plus | AN102: =SUM(G102:AM102) -> 0
...

Sheet Tầng 3
A3: STT | B3: Phân loại | C3: Tên thiết bị | G3: Vị trí lắp đặt - Người sử dụng (Số lượng) | AW3: Tổng
D4: Mã thiết bị | E4: Cấu hình thiết bị | F4: Hãng sản xuất | G4: 3F1 | H4: 3F2 | I4: 3F3 | J4: 3F4 | K4: 3F5 | L4: 3F6 | M4: 3F7 | N4: 3F8 | O4: 3F9 | P4: 3F10 | Q4: 3F11 | R4: 3F12 | S4: 3F13 | T4: 3F14 | U4: 3F15 | V4: 3F16 | W4: 3F17 | X4: 3F18 | Y4: 3F19 | Z4: 3F20 | AA4: 3F21 | AB4: 3F22 | AC4: 3F23 | AD4: 3F24 | AE4: 3F25 | AF4: 3F26 | AG4: 3F27 | AH4: 3F28 | AI4: WC Y4-Y5 | AJ4: WC Y15-Y16 | AK4: WC Y11-Y12 | AL4: WC đối diện nhà đa năng | AM4: Kho IT | AN4: CT bộ Y4-Y5 | AO4: HL Y1-Y16 | AP4: Nhà đa năng | AQ4: Sảnh Y7-Y9 | AR4: HL Phòng võ | AS4: HL X1-X7 | AT4: Thang bộ Y9-Y10 | AU4: Sảnh thang máy | AV4: Thang bộ Y13-Y14
A5: 1 | B5: Camera | C5: Đầu lưu trữ hình ảnh | D5: DS-7732NI-K4 | AC5: 1 | AW5: =SUM(G5:AV5) -> 1
A6: 2 | B6: Camera | C6: Ổ cứng Seagate Skyhawk ST4000VX007 | AC6: 1 | AW6: =SUM(G6:AV6) -> 1
A7: 3 | B7: Camera | C7: Camera IP Dome hồng ngoại 2.0 Megapixel | D7: DS-2CD1123G0E-I(L) | I7: 1 | M7: 1 | N7: 1 | O7: 1 | U7: 1 | W7: 1 | AN7: 1 | AW7: =SUM(G7:AV7) -> 7
A8: 4 | B8: Camera | C8: Camera IP dome hồng ngoại trong nhà POE (Hành lang, lớp học,thang máy…) | D8: MS-C2975-PB | H8: 1 | J8: 1 | K8: 1 | L8: 1 | P8: 1 | Q8: 1 | R8: 1 | S8: 1 | Y8: 1 | Z8: 1 | AA8: 1 | AD8: 1 | AE8: 1 | AF8: 1 | AG8: 1 | AM8: 2 | AO8: 10 | AR8: 2 | AS8: 5 | AU8: 1 | AW8: =SUM(G8:AV8) -> 35
A9: 5 | B9: Camera | C9: Camera hồng ngoại IP bullet 1080p IP66 (Sân chơi, bể bơi, sân bóng rổ, sân khấu…) | D9: MS-C2962-FPB | AP9: 2 | AW9: =SUM(G9:AV9) -> 2
A10: 6 | B10: Camera | C10: Camera bullet cho ứng dụng nhận diện khuôn mặt với P -Iris (Cổng ra vào 1,2) | D10: MS-C2862-FPB | AW10: =SUM(G10:AV10) -> 0
A11: 7 | B11: Camera | C11: Camera IP quay quét (PTZ) -quan sát toàn cảnh | D11: MS-C2941-X30R(P)B | AW11: =SUM(G11:AV11) -> 0
A12: 8 | B12: Camera | C12: Đầu lưu trữ hình ảnh | D12: MS-N8032-UH | AC12: 7 | AW12: =SUM(G12:AV12) -> 7
A13: 9 | B13: Camera | C13: Switch 08 cổng PoE + 2 SFP | D13: GS-4210-8P2S | AW13: =SUM(G13:AV13) -> 0
A14: 10 | B14: Camera | C14: Switch 24 cổng LAN trung tâm | D14: GS-5220-20T4C4X | AC14: 1 | AW14: =SUM(G14:AV14) -> 1
A15: 11 | B15: Camera | C15: Module quang | D15: MGB series MGB-LX | AM15: 3 | AW15: =SUM(G15:AV15) -> 3
A16: 12 | B16: Camera | C16: Bộ chuyển đổi quang điện | D16: GT-802S | AM16: 3 | AW16: =SUM(G16:AV16) -> 3
A17: 13 | B17: Camera | C17: Bộ chuyển đổi (Dùng cho Camera lắp trong thang máy). | D17: VC-201A-EU | AW17: =SUM(G17:AV17) -> 0
A18: 14 | B18: Camera | C18: Bộ thiết bị mạng kéo dài nguồn tích hợp công nghệ POE | D18: FPI -100GA | AW18: =SUM(G18:AV18) -> 0
A19: 15 | B19: Camera | C19: Ổ cứng Seagate Skyhawk ST4000VX007 | AC19: 28 | AW19: =SUM(G19:AV19) -> 28
A20: 16 | B20: Camera | C20: Smart Tivi Samsung 49 inch Full HD | D20: 49J5250 | AC20: 2 | AM20: 1 | AW20: =SUM(G20:AV20) -> 3
A21: 17 | B21: Camera | C21: Dây HDMI 5m | D21: Ugreen | AC21: 3 | AW21: =SUM(G21:AV21) -> 3
A22: 18 | B22: Camera | C22: Máy chủ HP | D22: 4FU52AV HP Z2 Tower G4 | AW22: =SUM(G22:AV22) -> 0
A23: 19 | B23: Camera | C23: Màn hình máy tính HP | D23: 3AL28AA HP | AC23: 1 | AW23: =SUM(G23:AV23) -> 1
A24: 20 | B24: Camera | C24: Bộ lưu điện APC Smart-UPS On-Line, 6000 Watts /6000 VA | D24: SRT6KXLI | AC24: 1 | AW24: =SUM(G24:AV24) -> 1
A25: 21 | B25: Camera | C25: Cần điều khiển chuyên dụng cho các loại Camera Bullet, Dome, PTZ ở góc view xa | D25: MS-K02 | AW25: =SUM(G25:AV25) -> 0
A26: 22 | B26: Camera | C26: Tủ trung tâm đựng thiết bị 27U -kèm SPU -Cánh cửa lưới - màu đen | D26: VN-/- | AC26: 1 | AW26: =SUM(G26:AV26) -> 1
A27: 23 | B27: Âm thanh | C27: ÂM ly 60w | D27: PLE-1MA060-EU | H27: 1 | J27: 1 | K27: 1 | L27: 1 | M27: 1 | P27: 1 | Q27: 1 | R27: 1 | V27: 1 | W27: 1 | X27: 1 | Y27: 1 | Z27: 1 | AA27: 1 | AD27: 1 | AG27: 1 | AW27: =SUM(G27:AV27) -> 16
A28: 24 | B28: Âm thanh | C28: ÂM ly 240w | D28: PLE-1ME240-EU | AC28: 1 | AW28: =SUM(G28:AV28) -> 1
A29: 25 | B29: Âm thanh | C29: ÂM ly 120w | D29: PLE-1MA120-EU | AC29: 1 | AM29: 1 | AW29: =SUM(G29:AV29) -> 2
A30: 26 | B30: Âm thanh | C30: Loa 6w | D30: LHM0606/10 | M30: 2 | AI30: 4 | AK30: 4 | AO30: 15 | AQ30: 2 | AS30: 5 | AW30: =SUM(G30:AV30) -> 32
A31: 27 | B31: Âm thanh | C31: Loa 24w | D31: LBC3099/41 | H31: 2 | J31: 2 | K31: 2 | L31: 2 | M31: 1 | P31: 2 | Q31: 2 | R31: 2 | S31: 2 | T31: 2 | U31: 2 | V31: 2 | W31: 2 | X31: 2 | Y31: 2 | Z31: 2 | AA31: 2 | AD31: 2 | AG31: 2 | AW31: =SUM(G31:AV31) -> 37
A32: 28 | B32: Âm thanh | C32: Mic không dây | D32: MW1-HTX-F5 | K32: 1 | M32: 1 | AM32: 5 | AW32: =SUM(G32:AV32) -> 7
A33: 29 | B33: Âm thanh | C33: ÂM ly 480w | D33: LBB1938/20 | AM33: 1 | AP33: 1 | AW33: =SUM(G33:AV33) -> 2
A34: 30 | B34: Âm thanh | C34: Bộ thu | D34: MW1-RX-F5 | K34: 1 | M34: 1 | AM34: 14 | AW34: =SUM(G34:AV34) -> 16
A35: 31 | B35: Âm thanh | C35: ÂM ly 480w | D35: FV-248PA | AC35: 2 | AW35: =SUM(G35:AV35) -> 2
A36: 32 | B36: Âm thanh | C36: Bàn trộn (Mixer) | D36: MG10XU | AW36: =SUM(G36:AV36) -> 0
A37: 33 | B37: Âm thanh | C37: Mic đại biểu | D37: CCS-DL | AM37: 2 | AW37: =SUM(G37:AV37) -> 2
A38: 34 | B38: Âm thanh | C38: Mic chủ tịch | D38: CCS-CML | AW38: =SUM(G38:AV38) -> 0
A39: 35 | B39: Âm thanh | C39: Bộ điều khiển trung tâm | D39: CCS-CUD | AW39: =SUM(G39:AV39) -> 0
A40: 36 | B40: Âm thanh | C40: cáp nối dài 10M | D40: LBB3316/10 | AW40: =SUM(G40:AV40) -> 0
A41: 37 | B41: Âm thanh | C41: Loa hộp 30w | D41: LB2/UC30-D1 | AP41: 2 | AW41: =SUM(G41:AV41) -> 2
A42: 38 | B42: Âm thanh | C42: Mic cài ve | D42: MW1-LTX-F5 | AM42: 19 | AW42: =SUM(G42:AV42) -> 19
A43: 39 | B43: Âm thanh | C43: Âm ly 30w | D43: PLE-1MA030-EU | AW43: =SUM(G43:AV43) -> 0
A44: 40 | B44: Âm thanh | C44: Loa hộp 90w | D44: EVID-S5.2XW | AW44: =SUM(G44:AV44) -> 0
A45: 41 | B45: Âm thanh | C45: Network | D45: IP-1000CI | AC45: 1 | AW45: =SUM(G45:AV45) -> 1
A46: 42 | B46: Âm thanh | C46: Phần mềm | D46: IP-1000S | AC46: 1 | AW46: =SUM(G46:AV46) -> 1
A47: 43 | B47: Âm thanh | C47: Khối giao diện audio | D47: IP-1000AF | AC47: 4 | AM47: 1 | AP47: 1 | AW47: =SUM(G47:AV47) -> 6
A48: 44 | B48: Âm thanh | C48: Module mạng | D48: IP-100XI | AC48: 2 | AW48: =SUM(G48:AV48) -> 2
A49: 45 | B49: Âm thanh | C49: Âm ly 120w | D49: AX-0120 | AC49: 1 | AW49: =SUM(G49:AV49) -> 1
A50: 46 | B50: Âm thanh | C50: Âm ly 240w | D50: AX-0240 | AC50: 1 | AW50: =SUM(G50:AV50) -> 1
A51: 47 | B51: Âm thanh | C51: Micro chọn 10 vùng IP | D51: IP-100RM | AM51: 2 | AW51: =SUM(G51:AV51) -> 2
A52: 48 | B52: Âm thanh | C52: Tủ 12 U có khay để mixer | AW52: =SUM(G52:AV52) -> 0
A53: 49 | B53: Âm thanh | C53: Tủ 32U | D53: D600 | AC53: 1 | AW53: =SUM(G53:AV53) -> 1
A54: 50 | B54: Máy tính bàn | C54: Máy tính bàn DELL | D54: Dell 3470ST | E54: Hệ điều hành: Free Dos CPU: Intel Pentium Gold G5400 3.70 GHz, 4MB RAM: 1x4GB DDR4 Ổ đĩa cứng: 1TB 7200 rpm VGA: Intel HD Graphics Wifi: Có tích hợp wifi,DVD | F54: DELL | K54: 20 | O54: 2 | AC54: 1 | AW54: =SUM(G54:AV54) -> 23
A55: 51 | B55: Máy tính bàn | C55: Máy tính bàn DELL | D55: Dell 3470ST | E55: Hệ điều hành: Free Dos CPU: Intel Pentium Gold G5400 3.70 GHz, 4MB RAM: 2x4GB DDR4 VGA: Intel HD Graphics Wifi: Có tích hợp wifi,DVD | F55: DELL | AW55: =SUM(G55:AV55) -> 0
A56: 52 | B56: Máy tính bàn | C56: Máy tính bàn DELL | D56: Dell 3470ST | E56: Hệ điều hành: Free Dos CPU: Intel Pentium Gold G5400 3.70 GHz, 4MB RAM: 2x4GB DDR4 Ổ đĩa cứng: 1TB 7200 rpm VGA: Intel HD Graphics Wifi: Có tích hợp wifi,DVD | F56: DELL | K56: 1 | AM56: 1 | AW56: =SUM(G56:AV56) -> 2
A57: 53 | B57: Màn hình máy tính | C57: Màn hình máy tính để bàn Dell | D57: Man hinh LCD Dell E2016HV 19.5" | E57: 19.5" TN, HD+ 1600x900, WLed Backlight, độ tương phản 600:1, độ sáng: 200 cd/m2, độ trễ: 5ms, kếtt nối: 1 x VGA. | F57: DELL | K57: 21 | O57: 2 | AC57: 1 | AW57: =SUM(G57:AV57) -> 24
A58: 54 | B58: Màn hình máy tính | C58: Màn hình máy tính để bàn Dell | D58: Màn hình máy tính Dell SE2417HG | E58: 23.6" IPS, Full HD 1920x1080, Led Backlight, độ tương phản 1000:1, độ sáng: 3000 cd/m2, độ trễ: 5ms, kết nối: 1 x HDMI, 1 x VGA. | F58: DELL | AC58: 1 | AM58: 1 | AW58: =SUM(G58:AV58) -> 2
A59: 55 | B59: Máy tính bàn DELL | C59: Máy tính bàn DELL | D59: Dell 3671 | E59: Máy tính để bàn Dell Vostro 3671 - MT71 G5420W-4G-1T: Intel Pentium G5420 (4MB Cache, up to 3.8GHz); 4GB (lx 4GB) 2400MHz DDR4; 1TB 7200RPM Hard Drive; 6 cling SSD 120GB; DVDRW; Intelgrated Graphics; Chuột; Bàn phím; Windows 10 home | J59: 1 | K59: 4 | L59: 1 | P59: 1 | Q59: 1 | R59: 1 | S59: 1 | AW59: =SUM(G59:AV59) -> 10
A60: 56 | B60: Màn hình máy tính | C60: Màn hình máy tính để bàn Dell | D60: Dell E2016HV | E60: Man hinh may tinh DELL LCD E2016Hv - 19.5" | F60: Dell | J60: 1 | K60: 4 | L60: 1 | P60: 1 | Q60: 1 | R60: 1 | S60: 1 | AW60: =SUM(G60:AV60) -> 10
A61: 57 | B61: Máy tính bàn | C61: Máy tính bàn | E61: Cpu E5 2689 2.6Ghz*2/TN CM T400i*2/ Main SPM X9DRL/ RAM 16G*4/HĐ 1TB/ASUS RX570 4Gb /K/M/ Case + Nguồn 600W CM/ LCD E2417H | F61: Cây lắp ráp ĐNA | AC61: 1 | AW61: =SUM(G61:AV61) -> 1
A62: 58 | B62: Laptop Dell | C62: Laptop Dell | D62: Dell Latitude 3400 | AC62: 5 | AW62: =SUM(G62:AV62) -> 5
A63: 59 | B63: Máy in, photo | C63: Máy in, photo | D63: Canon 251DW | N63: 1 | AW63: =SUM(G63:AV63) -> 1
A64: 60 | B64: Máy in, photo | C64: Máy in, photo | D64: Canon 252DW | AW64: =SUM(G64:AV64) -> 0
A65: 61 | B65: Máy in, photo | C65: Máy in, photo | D65: HP | AW65: =SUM(G65:AV65) -> 0
A66: 62 | B66: Máy in, photo | C66: Máy in, photo | D66: Ricoh 7502 | AW66: =SUM(G66:AV66) -> 0
A67: 63 | B67: Máy in, photo | C67: Máy in, photo | D67: Toshiba 5560C | AW67: =SUM(G67:AV67) -> 0
A68: 64 | B68: Máy chiếu | C68: Máy chiếu | D68: Epson EB-W05 | H68: 1 | J68: 1 | L68: 1 | P68: 1 | Q68: 1 | R68: 1 | S68: 1 | Y68: 1 | Z68: 1 | AA68: 1 | AG68: 1 | AM68: 1 | AW68: =SUM(G68:AV68) -> 12
A69: 65 | B69: Máy chiếu | C69: Máy chiếu | D69: Sony VPL-EX430 | K69: 1 | AW69: =SUM(G69:AV69) -> 1
A70: 66 | B70: Máy chiếu | C70: Máy chiếu | D70: Sony VPL-EX435,EX575 | AD70: 1 | AM70: 1 | AW70: =SUM(G70:AV70) -> 2
A71: 67 | B71: Unifi | C71: Bộ phát sóng không dây | D71: UBIQUITI UniFi AP AC Pro | I71: 1 | N71: 1 | O71: 1 | U71: 1 | AW71: =SUM(G71:AV71) -> 4
A72: 68 | B72: Máy chấm công | C72: Máy chấm công cho cán bộ,nhân viên | D72: Ronald Jack UA300 | AM72: 3 | AW72: =SUM(G72:AV72) -> 3
A73: 69 | B73: Máy quẹt thẻ | C73: Máy quẹt thẻ cho học sinh | D73: Zkteco TA939 | AW73: =SUM(G73:AV73) -> 0
A74: 70 | B74: Server | C74: Máy chủ DELL EMC R540 | D74: 9KGZ8X2 9LJZ8X2 9LRT8X2 2JDYVV2 | E74: Processor: 2 x Intel® Xeon® Silver 4114 Processor 13.75M Cache, 2.20 GHz Memory: 4 x 32GB PC4-21300 ECC 2666 MHz Registered DIMMs Network Controller: 2 x 1GE LOM (optional) OCP 2 x 10GE SFP+ or BaseT or 2 x 1GE Raid Controller: PERC H730P RAID Controller Mini Mono, 2GB NV Cache Hard Drive: 2 x 2TB Dell Enterprise 7200 RPM SATA 3.5" Optical Drive: Slim 8X DVD+/-RW 9.5mm Internal Drive PCI-Express Slots: 1 x FH/FL + 1 x HH/HL (2U Right riser) slots + 3HH/HL slots Power Supply: 1x 750w Options 2x 750w Management: iDRAC9 with Lifecycle Controller Form Factor: 2U DELL 750 WATT POWER SUPPLY2 x Dell EMC R540 Heat Sink2 x TRAY DELL 3.5" 14G CADDY X7K8W | F74: Dell | AC74: 4 | AW74: =SUM(G74:AV74) -> 4
A75: 71 | B75: Server | C75: Máy chủ DELL EMC R540 | D75: 9LMV8X2 | E75: Processor: 2 x Intel® Xeon® Silver 4114 Processor 13.75M Cache, 2.20 GHz Memory: 4 x 32GB PC4-21300 ECC 2666 MHz Registered DIMMs Network Controller: 2 x 1GE LOM (optional) OCP 2 x 10GE SFP+ or BaseT or 2 x 1GE Raid Controller: PERC H730P RAID Controller Mini Mono, 2GB NV Cache Hard Drive: 2 x SSD INTEL 240GB 2.5" S4510 2 x 2TB Dell Enterprise 7200 RPM SATA 3.5" Optical Drive: Slim 8X DVD+/-RW 9.5mm Internal Drive PCI-Express Slots: 1 x FH/FL + 1 x HH/HL (2U Right riser) slots + 3HH/HL slots Power Supply: 1x 750w Options 2x 750w Management: iDRAC9 with Lifecycle Controller Form Factor: 2U DELL 750 WATT POWER SUPPLY2 x Dell EMC R540 Heat Sink4 x TRAY DELL 3.5" 14G CADDY X7K8W 2 x DELL converter bracket 3.5" to 2.5" | F75: Dell | AC75: 1 | AW75: =SUM(G75:AV75) -> 1
A76: 72 | B76: Server | C76: Máy chủ DELL EMC R540 | D76: 9LPV8X2 | E76: Processor: Intel® Xeon® Silver 4114 Processor 13.75M Cache, 2.20 GHz Memory: 3 x 32GB PC4-21300 ECC 2666 MHz Registered DIMMs Network Controller: 2 x 1GE LOM (optional) OCP 2 x 10GE SFP+ or BaseT or 2 x 1GE Raid Controller: PERC H730P RAID Controller Mini Mono, 2GB NV Cache Hard Drive: 2 x 2TB Dell Enterprise 7200 RPM SATA 3.5" Optical Drive: Slim 8X DVD+/-RW 9.5mm Internal Drive PCI-Express Slots: 1 x FH/FL + 1 x HH/HL (2U Right riser) slots + 3HH/HL slots Power Supply: 1x 750w Options 2x 750w Management: iDRAC9 with Lifecycle Controller Form Factor: 2U DELL 750 WATT POWER SUPPLYDell EMC R540 Heat Sink2 x TRAY DELL 3.5" 14G CADDY X7K8W | F76: Dell | AC76: 1 | AW76: =SUM(G76:AV76) -> 1
A77: 73 | B77: Server | C77: Workstation ( Boot room ) | E77: Mainboard Intel S1200 SPSR CPU Intel Xeon E3-1230 v6 (8M Cache, 3.5GHz) Ram Kingston 8GB ECC DDR4/2400 (KSM24ES8/8ME) SSD Samsung 860 EVO 250GB M.2 Sata (Mz-N6E250BW) HDD WD Black 2TB Sata3(WD2003FZEX) Power Cooler Master 500W Elite V3 Case Erosi X9 (No power) Card Gigabyte 2GB N1030OC-2GI | F77: Lắp ráp ĐNA | AC77: 3 | AW77: =SUM(G77:AV77) -> 3
A78: 74 | B78: Server | C78: Intel® Ethernet Server Adapter I350-T4 | D78: 8A0380 8A0738 87E510 87B0B8 87E2EC | E78: Intel Ethernet Server Adapter I350-T4 PCI Express Genx2.1 INTEL I350T4 Quad-Port Network Lan Card Model No: Intel Ethernet I350-T4 Bus Type：PCI Express 2.1(5GT/s) Chipset：Intel® NHI350AM4 | AC78: 5 | AW78: =SUM(G78:AV78) -> 5
A79: 75 | B79: Server | C79: Tủ server HRN 20U | D79: D1000 | AC79: 1 | AW79: =SUM(G79:AV79) -> 1
A80: 76 | B80: Thiết bị mạng | C80: Thiết bị Firewall, dùng để bảo vệ, thiết lập các chính sách bảo mật giữa các mạng LAN với nhau và bảo vệ người dùng từ các cuộc tấn công từ Internet | D80: SRX1500-AC | E80: SRX1500 with 16x1G, 4x10G (SFP+) on-board ports, 1x AC PSU and 100GB SSD | F80: Juniper | AC80: 2 | AW80: =SUM(G80:AV80) -> 2
A81: 77 | B81: Thiết bị mạng | C81: Phần mềm cho thiết bị tường lửa | D81: SRX1500-JSE | E81: SRX1500 Juniper Secure Edge software with Firewall, NAT, IPSec, Routing, Switching, MPLS and Application Security services (requireSRX1500-AC or SRX1500-DC to complete the system) | F81: Juniper | AC81: 2 | AW81: =SUM(G81:AV81) -> 2
A82: 78 | B82: Thiết bị mạng | C82: Kết nối lên Core switch. Mỗi FW 2 kết nối | D82: SFPP-AT-LP-85-03 | E82: SFP+ Plug-in, 10Gbps, 300m, TX/RX 850nm, on two multimode fiber | F82: Ascent Comtech | AC82: 112 | AW82: =SUM(G82:AV82) -> 112
A83: 79 | B83: Thiết bị mạng | C83: Thiết bị chuyển mạch trung tâm, cung cấp các kết nội quang 10G đến switch access, Firewall. Là thiết bị chuyển mạch có năng lực lớn, độ trễ thấp, đảm bảo năng lực chuyển mạch cho toàn bộ hệ thống | D83: EX4600-40F-AFO | E83: EX4600, 24 SFP+/SFP ports, 4 QSFP+ ports, 2 expansion slots, redundant fans, 2 AC power supplies, front to back airflow | F83: Juniper | AC83: 2 | AW83: =SUM(G83:AV83) -> 2
A84: 80 | B84: Thiết bị mạng | C84: Slot mở rộng 8 cổng 10G | D84: EX4600-EM-8F | E84: EX4600 8 port SFP+/SFP expansion module | F84: Juniper | AC84: 2 | AW84: =SUM(G84:AV84) -> 2
A85: 81 | B85: Thiết bị mạng | C85: Cáp stack 80G giữa 2 thiết bị core | D85: QFX-QSFP-DAC-1M | E85: QSFP+ Cable Assy, 1m, 30AWG, Passive, Programmable ID | F85: Juniper | AC85: 2 | AW85: =SUM(G85:AV85) -> 2
A86: 82 | B86: Thiết bị mạng | C86: Module đồng, kết nối lên cân bằng tải, mỗi mỗi thiết bị Core có 1 kết nối lên cân bằng tải | D86: EX-SFP-1GE-T | E86: Small Form Factor Pluggable 10/100/1000 Copper Transceiver Module | F86: Ascent Comtech | AC86: 2 | AW86: =SUM(G86:AV86) -> 2
A87: 83 | B87: Thiết bị mạng | C87: Switch access tầng, cung cấp giao diện kết nối đến các thiết bị đầu cuối từng tầng và core switch | D87: EX2300-24T | E87: EX2300 24-port 10/100/1000BaseT, 4 x 1/10G SFP/SFP+ (optics sold separately) | F87: Juniper | AW87: =SUM(G87:AV87) -> 0
A88: 84 | B88: Thiết bị mạng | C88: Switch access tầng, cung cấp giao diện kết nối đến các thiết bị đầu cuối từng tầng và core switch | D88: EX2300-48T | E88: EX2300 48-port 10/100/1000BaseT, 4 x 1/10G SFP/SFP+ (optics sold separately) | F88: Juniper | K88: 1 | AM88: 3 | AO88: 3 | AW88: =SUM(G88:AV88) -> 7
A89: 85 | B89: Thiết bị mạng | C89: Switch server, gom các kết nối vào hệ thống server chuyên dụng | D89: EX2300-24T | E89: EX2300 24-port 10/100/1000BaseT, 4 x 1/10G SFP/SFP+ (optics sold separately) | F89: Juniper | AC89: 2 | AW89: =SUM(G89:AV89) -> 2
A90: 86 | B90: Máy đặt suất ăn | C90: Máy tính bàn DELL | D90: Dell Vostro 3470ST (HXKWJ2) | E90: CPU: Intel Pentium® Gold G5420 (3.80 GHz, 2 Cores 4 Threads, 4MB Cache) RAM: 4GB DDR4 Ổ cứng: 1TB HDD 7200rpm VGA: Intel® UHD Graphics 610 Kết nối mạng: Wlan + Bluetooth | F90: Dell | AM90: 1 | AS90: 1 | AW90: =SUM(G90:AV90) -> 2
A91: 87 | B91: Máy đặt suất ăn | C91: Màn hình máy tính để bàn Dell | D91: Dell P2418HT | E91: 23.8'' FHD (1920x1080) Anti-Glare, IPS, @ 60Hz. Độ tương phản 1000:1, thời gian đáp ứng 6ms Độ sáng: 250 cd/m2, góc nhìn: 178 độ (V) x 178 độ (H) Ports : VGA, HDMI, Audio, Display Port, 4x USB | F91: Dell | AM91: 2 | AS91: 1 | AW91: =SUM(G91:AV91) -> 3
A92: 88 | B92: Máy chiếu | C92: Máy chiếu Epson | D92: EB–E10 | F92: Epson | M92: 1 | V92: 1 | W92: 1 | X92: 1 | AW92: =SUM(G92:AV92) -> 4
A93: 89 | B93: Máy in, photo | C93: Máy in, photo | D93: LBP 226 | F93: Canon | O93: 1 | AW93: =SUM(G93:AV93) -> 1
A94: 90 | B94: Máy tính bàn | C94: Máy tính bàn DELL | D94: Dell Vostro 3681 | E94: 120Gb SSD + 1Tb HDD, DDr 4 4gb | F94: Dell | W94: 1 | X94: 1 | Y94: 1 | Z94: 1 | AA94: 1 | AC94: 3 | AW94: =SUM(G94:AV94) -> 8
A95: 91 | B95: Máy tính bàn | C95: Máy tính bàn DELL | D95: Dell Vostro 3681 | E95: 256Gb SSD, DDr4 8gb | F95: Dell | K95: 4 | M95: 29 | AW95: =SUM(G95:AV95) -> 33
A96: 92 | B96: Máy tính bàn | C96: Màn hình máy tính để bàn Dell | D96: Dell E1920H | F96: DELL | K96: 4 | M96: 29 | W96: 1 | X96: 1 | Y96: 1 | Z96: 1 | AA96: 1 | AC96: 3 | AW96: =SUM(G96:AV96) -> 41
A97: 93 | B97: Máy chiếu | C97: Phông chiếu cơ | M97: 1 | V97: 1 | W97: 1 | X97: 1 | AM97: 10 | AW97: =SUM(G97:AV97) -> 14
A98: 94 | B98: Âm thanh | C98: Loa phóng | AW98: =SUM(G98:AV98) -> 0
A99: 95 | B99: Máy tính bàn | C99: Case máy tính ĐNA ( I5 12400, mainboard gigabyte B760, SSD kingmax 250Gb, DDR4 8Gb. Bàn phím chuột Fuhlen) | AW99: =SUM(G99:AV99) -> 0
A100: 96 | B100: Máy tính bàn | C100: Màn hình máy tính để bàn Dell | D100: Dell 2225H | AW100: =SUM(G100:AV100) -> 0
A101: 97 | B101: Máy tính bàn | C101: Bộ lưu điện APC 700VA | D101: BVX700LUI-MS | AW101: =SUM(G101:AV101) -> 0
A102: 98 | B102: Thiết bị mạng | C102: Thiết bị cân bằng tải | D102: Draytek Vigor 2926 Plus | AW102: =SUM(G102:AV102) -> 0
...

Sheet Tầng 4
A3: STT | B3: Phân loại | C3: Tên thiết bị | G3: Vị trí lắp đặt - Người sử dụng (Số lượng) | AQ3: Tổng
D4: Mã thiết bị | E4: Cấu hình thiết bị | F4: Hãng sản xuất | G4: 4F1 | H4: 4F2 | I4: 4F3 | J4: 4F4 | K4: 4F5 | L4: 4F6 | M4: 4F7 | N4: 4F8 | O4: 4F9 | P4: 4F10 | Q4: 4F11 | R4: 4F12 | S4: 4F13 | T4: 4F14 | U4: 4F15 | V4: 4F16 | W4: 4F17 | X4: 4F18 | Y4: 4F19 | Z4: 4F20 | AA4: 4F21 | AB4: 4F22 | AC4: 4F23 | AD4: WC Y4-Y5 | AE4: WC Y15-Y16 | AF4: WC Y11-Y12 | AG4: Sân khấu | AH4: WC sân khấu | AI4: CT bộ Y4-Y5 | AJ4: HL Y1-Y16 | AK4: Sảnh cầu thang gỗ | AL4: Sảnh Y7-Y9 | AM4: HL X1-X7 | AN4: Thang bộ Y9-Y10 | AO4: Sảnh thang máy | AP4: Thang bộ Y13-Y14
A5: 1 | B5: Camera | C5: Đầu lưu trữ hình ảnh | D5: DS-7732NI-K4 | AQ5: =SUM(G5:AP5) -> 0
A6: 2 | B6: Camera | C6: Ổ cứng Seagate Skyhawk ST4000VX007 | AQ6: =SUM(G6:AP6) -> 0
A7: 3 | B7: Camera | C7: Camera IP Dome hồng ngoại 2.0 Megapixel | D7: DS-2CD1123G0E-I(L) | M7: 1 | N7: 1 | O7: 1 | Q7: 1 | R7: 1 | S7: 1 | T7: 1 | U7: 1 | V7: 1 | W7: 1 | X7: 1 | Y7: 1 | Z7: 1 | AA7: 1 | AB7: 1 | AI7: 1 | AQ7: =SUM(G7:AP7) -> 16
A8: 4 | B8: Camera | C8: Camera IP dome hồng ngoại trong nhà POE (Hành lang, lớp học,thang máy…) | D8: MS-C2975-PB | H8: 1 | J8: 1 | L8: 1 | AJ8: 10 | AK8: 2 | AM8: 3 | AO8: 1 | AQ8: =SUM(G8:AP8) -> 19
A9: 5 | B9: Camera | C9: Camera hồng ngoại IP bullet 1080p IP66 (Sân chơi, bể bơi, sân bóng rổ, sân khấu…) | D9: MS-C2962-FPB | AG9: 2 | AQ9: =SUM(G9:AP9) -> 2
A10: 6 | B10: Camera | C10: Camera bullet cho ứng dụng nhận diện khuôn mặt với P -Iris (Cổng ra vào 1,2) | D10: MS-C2862-FPB | AQ10: =SUM(G10:AP10) -> 0
A11: 7 | B11: Camera | C11: Camera IP quay quét (PTZ) -quan sát toàn cảnh | D11: MS-C2941-X30R(P)B | AQ11: =SUM(G11:AP11) -> 0
A12: 8 | B12: Camera | C12: Đầu lưu trữ hình ảnh | D12: MS-N8032-UH | AQ12: =SUM(G12:AP12) -> 0
A13: 9 | B13: Camera | C13: Switch 08 cổng PoE + 2 SFP | D13: GS-4210-8P2S | AQ13: =SUM(G13:AP13) -> 0
A14: 10 | B14: Camera | C14: Switch 24 cổng LAN trung tâm | D14: GS-5220-20T4C4X | AQ14: =SUM(G14:AP14) -> 0
A15: 11 | B15: Camera | C15: Module quang | D15: MGB series MGB-LX | AQ15: =SUM(G15:AP15) -> 0
A16: 12 | B16: Camera | C16: Bộ chuyển đổi quang điện | D16: GT-802S | AQ16: =SUM(G16:AP16) -> 0
A17: 13 | B17: Camera | C17: Bộ chuyển đổi (Dùng cho Camera lắp trong thang máy). | D17: VC-201A-EU | AQ17: =SUM(G17:AP17) -> 0
A18: 14 | B18: Camera | C18: Bộ thiết bị mạng kéo dài nguồn tích hợp công nghệ POE | D18: FPI -100GA | AQ18: =SUM(G18:AP18) -> 0
A19: 15 | B19: Camera | C19: Ổ cứng Seagate Skyhawk ST4000VX007 | AQ19: =SUM(G19:AP19) -> 0
A20: 16 | B20: Camera | C20: Smart Tivi Samsung 49 inch Full HD | D20: 49J5250 | AQ20: =SUM(G20:AP20) -> 0
A21: 17 | B21: Camera | C21: Dây HDMI 5m | D21: Ugreen | AQ21: =SUM(G21:AP21) -> 0
A22: 18 | B22: Camera | C22: Máy chủ HP | D22: 4FU52AV HP Z2 Tower G4 | AQ22: =SUM(G22:AP22) -> 0
A23: 19 | B23: Camera | C23: Màn hình máy tính HP | D23: 3AL28AA HP | AQ23: =SUM(G23:AP23) -> 0
A24: 20 | B24: Camera | C24: Bộ lưu điện APC Smart-UPS On-Line, 6000 Watts /6000 VA | D24: SRT6KXLI | AQ24: =SUM(G24:AP24) -> 0
A25: 21 | B25: Camera | C25: Cần điều khiển chuyên dụng cho các loại Camera Bullet, Dome, PTZ ở góc view xa | D25: MS-K02 | AQ25: =SUM(G25:AP25) -> 0
A26: 22 | B26: Camera | C26: Tủ trung tâm đựng thiết bị 27U -kèm SPU -Cánh cửa lưới - màu đen | D26: VN-/- | AQ26: =SUM(G26:AP26) -> 0
A27: 23 | B27: Âm thanh | C27: ÂM ly 60w | D27: PLE-1MA060-EU | H27: 1 | J27: 1 | L27: 1 | P27: 1 | Q27: 1 | R27: 1 | S27: 1 | T27: 1 | U27: 1 | AQ27: =SUM(G27:AP27) -> 9
A28: 24 | B28: Âm thanh | C28: ÂM ly 240w | D28: PLE-1ME240-EU | AQ28: =SUM(G28:AP28) -> 0
A29: 25 | B29: Âm thanh | C29: ÂM ly 120w | D29: PLE-1MA120-EU | AQ29: =SUM(G29:AP29) -> 0
A30: 26 | B30: Âm thanh | C30: Loa 6w | D30: LHM0606/10 | J30: 4 | AD30: 4 | AE30: 1 | AF30: 4 | AJ30: 17 | AK30: 2 | AL30: 2 | AQ30: =SUM(G30:AP30) -> 34
A31: 27 | B31: Âm thanh | C31: Loa 24w | D31: LBC3099/41 | H31: 2 | L31: 2 | O31: 2 | Q31: 2 | R31: 2 | S31: 2 | T31: 2 | U31: 2 | V31: 2 | AQ31: =SUM(G31:AP31) -> 18
A32: 28 | B32: Âm thanh | C32: Mic không dây | D32: MW1-HTX-F5 | AG32: 2 | AQ32: =SUM(G32:AP32) -> 2
A33: 29 | B33: Âm thanh | C33: ÂM ly 480w | D33: LBB1938/20 | AQ33: =SUM(G33:AP33) -> 0
A34: 30 | B34: Âm thanh | C34: Bộ thu | D34: MW1-RX-F5 | AG34: 12 | AQ34: =SUM(G34:AP34) -> 12
A35: 31 | B35: Âm thanh | C35: ÂM ly 480w | D35: FV-248PA | AQ35: =SUM(G35:AP35) -> 0
A36: 32 | B36: Âm thanh | C36: Bàn trộn (Mixer) | D36: MG10XU | AG36: 1 | AQ36: =SUM(G36:AP36) -> 1
A37: 33 | B37: Âm thanh | C37: Mic đại biểu | D37: CCS-DL | AQ37: =SUM(G37:AP37) -> 0
A38: 34 | B38: Âm thanh | C38: Mic chủ tịch | D38: CCS-CML | AQ38: =SUM(G38:AP38) -> 0
A39: 35 | B39: Âm thanh | C39: Bộ điều khiển trung tâm | D39: CCS-CUD | AQ39: =SUM(G39:AP39) -> 0
A40: 36 | B40: Âm thanh | C40: cáp nối dài 10M | D40: LBB3316/10 | AQ40: =SUM(G40:AP40) -> 0
A41: 37 | B41: Âm thanh | C41: Loa hộp 30w | D41: LB2/UC30-D1 | AQ41: =SUM(G41:AP41) -> 0
A42: 38 | B42: Âm thanh | C42: Mic cài ve | D42: MW1-LTX-F5 | AG42: 10 | AQ42: =SUM(G42:AP42) -> 10
A43: 39 | B43: Âm thanh | C43: Âm ly 30w | D43: PLE-1MA030-EU | AQ43: =SUM(G43:AP43) -> 0
A44: 40 | B44: Âm thanh | C44: Loa hộp 90w | D44: EVID-S5.2XW | AQ44: =SUM(G44:AP44) -> 0
A45: 41 | B45: Âm thanh | C45: Network | D45: IP-1000CI | AQ45: =SUM(G45:AP45) -> 0
A46: 42 | B46: Âm thanh | C46: Phần mềm | D46: IP-1000S | AQ46: =SUM(G46:AP46) -> 0
A47: 43 | B47: Âm thanh | C47: Khối giao diện audio | D47: IP-1000AF | AQ47: =SUM(G47:AP47) -> 0
A48: 44 | B48: Âm thanh | C48: Module mạng | D48: IP-100XI | AQ48: =SUM(G48:AP48) -> 0
A49: 45 | B49: Âm thanh | C49: Âm ly 120w | D49: AX-0120 | AQ49: =SUM(G49:AP49) -> 0
A50: 46 | B50: Âm thanh | C50: Âm ly 240w | D50: AX-0240 | AQ50: =SUM(G50:AP50) -> 0
A51: 47 | B51: Âm thanh | C51: Micro chọn 10 vùng IP | D51: IP-100RM | AQ51: =SUM(G51:AP51) -> 0
A52: 48 | B52: Âm thanh | C52: Tủ 12 U có khay để mixer | AG52: 2 | AQ52: =SUM(G52:AP52) -> 2
A53: 49 | B53: Âm thanh | C53: Tủ 32U | D53: D600 | AQ53: =SUM(G53:AP53) -> 0
A54: 50 | B54: Máy tính bàn | C54: Máy tính bàn DELL | D54: Dell 3470ST | E54: Hệ điều hành: Free Dos CPU: Intel Pentium Gold G5400 3.70 GHz, 4MB RAM: 1x4GB DDR4 Ổ đĩa cứng: 1TB 7200 rpm VGA: Intel HD Graphics Wifi: Có tích hợp wifi,DVD | F54: DELL | AQ54: =SUM(G54:AP54) -> 0
A55: 51 | B55: Máy tính bàn | C55: Máy tính bàn DELL | D55: Dell 3470ST | E55: Hệ điều hành: Free Dos CPU: Intel Pentium Gold G5400 3.70 GHz, 4MB RAM: 2x4GB DDR4 VGA: Intel HD Graphics Wifi: Có tích hợp wifi,DVD | F55: DELL | L55: 1 | AQ55: =SUM(G55:AP55) -> 1
A56: 52 | B56: Máy tính bàn | C56: Máy tính bàn DELL | D56: Dell 3470ST | E56: Hệ điều hành: Free Dos CPU: Intel Pentium Gold G5400 3.70 GHz, 4MB RAM: 2x4GB DDR4 Ổ đĩa cứng: 1TB 7200 rpm VGA: Intel HD Graphics Wifi: Có tích hợp wifi,DVD | F56: DELL | AQ56: =SUM(G56:AP56) -> 0
A57: 53 | B57: Màn hình máy tính | C57: Màn hình máy tính để bàn Dell | D57: Man hinh LCD Dell E2016HV 19.5" | E57: 19.5" TN, HD+ 1600x900, WLed Backlight, độ tương phản 600:1, độ sáng: 200 cd/m2, độ trễ: 5ms, kếtt nối: 1 x VGA. | F57: DELL | L57: 1 | AQ57: =SUM(G57:AP57) -> 1
A58: 54 | B58: Màn hình máy tính | C58: Màn hình máy tính để bàn Dell | D58: Màn hình máy tính Dell SE2417HG | E58: 23.6" IPS, Full HD 1920x1080, Led Backlight, độ tương phản 1000:1, độ sáng: 3000 cd/m2, độ trễ: 5ms, kết nối: 1 x HDMI, 1 x VGA. | F58: DELL | AQ58: =SUM(G58:AP58) -> 0
A59: 55 | B59: Máy tính bàn DELL | C59: Máy tính bàn DELL | D59: Dell 3671 | E59: Máy tính để bàn Dell Vostro 3671 - MT71 G5420W-4G-1T: Intel Pentium G5420 (4MB Cache, up to 3.8GHz); 4GB (lx 4GB) 2400MHz DDR4; 1TB 7200RPM Hard Drive; 6 cling SSD 120GB; DVDRW; Intelgrated Graphics; Chuột; Bàn phím; Windows 10 home | F59: DELL | J59: 1 | AQ59: =SUM(G59:AP59) -> 1
A60: 56 | B60: Màn hình máy tính | C60: Màn hình máy tính để bàn Dell | D60: Dell E2016HV | E60: Man hinh may tinh DELL LCD E2016Hv - 19.5" | F60: Dell | J60: 1 | AQ60: =SUM(G60:AP60) -> 1
A61: 57 | B61: Máy tính bàn | C61: Máy tính bàn | E61: Cpu E5 2689 2.6Ghz*2/TN CM T400i*2/ Main SPM X9DRL/ RAM 16G*4/HĐ 1TB/ASUS RX570 4Gb /K/M/ Case + Nguồn 600W CM/ LCD E2417H | F61: Cây lắp ráp ĐNA | AQ61: =SUM(G61:AP61) -> 0
A62: 58 | B62: Laptop Dell | C62: Laptop Dell | D62: Dell Latitude 3400 | N62: 1 | AQ62: =SUM(G62:AP62) -> 1
A63: 59 | B63: Máy in, photo | C63: Máy in, photo | D63: Canon 251DW | AQ63: =SUM(G63:AP63) -> 0
A64: 60 | B64: Máy in, photo | C64: Máy in, photo | D64: Canon 252DW | N64: 1 | AQ64: =SUM(G64:AP64) -> 1
A65: 61 | B65: Máy in, photo | C65: Máy in, photo | D65: HP | AQ65: =SUM(G65:AP65) -> 0
A66: 62 | B66: Máy in, photo | C66: Máy in, photo | D66: Ricoh 7502 | AQ66: =SUM(G66:AP66) -> 0
A67: 63 | B67: Máy in, photo | C67: Máy in, photo | D67: Toshiba 5560C | AQ67: =SUM(G67:AP67) -> 0
A68: 64 | B68: Máy chiếu | C68: Máy chiếu | D68: Epson EB-W05 | H68: 1 | J68: 1 | L68: 1 | AQ68: =SUM(G68:AP68) -> 3
A69: 65 | B69: Máy chiếu | C69: Máy chiếu | D69: Sony VPL-EX430 | AQ69: =SUM(G69:AP69) -> 0
A70: 66 | B70: Máy chiếu | C70: Máy chiếu | D70: Sony VPL-EX435,EX575 | AQ70: =SUM(G70:AP70) -> 0
A71: 67 | B71: Unifi | C71: Bộ phát sóng không dây | D71: UBIQUITI UniFi AP AC Pro | N71: 1 | AQ71: =SUM(G71:AP71) -> 1
A72: 68 | B72: Máy chấm công | C72: Máy chấm công cho cán bộ,nhân viên | D72: Ronald Jack UA300 | AQ72: =SUM(G72:AP72) -> 0
A73: 69 | B73: Máy quẹt thẻ | C73: Máy quẹt thẻ cho học sinh | D73: Zkteco TA939 | AQ73: =SUM(G73:AP73) -> 0
A74: 70 | B74: Server | C74: Máy chủ DELL EMC R540 | D74: 9KGZ8X2 9LJZ8X2 9LRT8X2 2JDYVV2 | E74: Processor: 2 x Intel® Xeon® Silver 4114 Processor 13.75M Cache, 2.20 GHz Memory: 4 x 32GB PC4-21300 ECC 2666 MHz Registered DIMMs Network Controller: 2 x 1GE LOM (optional) OCP 2 x 10GE SFP+ or BaseT or 2 x 1GE Raid Controller: PERC H730P RAID Controller Mini Mono, 2GB NV Cache Hard Drive: 2 x 2TB Dell Enterprise 7200 RPM SATA 3.5" Optical Drive: Slim 8X DVD+/-RW 9.5mm Internal Drive PCI-Express Slots: 1 x FH/FL + 1 x HH/HL (2U Right riser) slots + 3HH/HL slots Power Supply: 1x 750w Options 2x 750w Management: iDRAC9 with Lifecycle Controller Form Factor: 2U DELL 750 WATT POWER SUPPLY2 x Dell EMC R540 Heat Sink2 x TRAY DELL 3.5" 14G CADDY X7K8W | F74: Dell | AQ74: =SUM(G74:AP74) -> 0
A75: 71 | B75: Server | C75: Máy chủ DELL EMC R540 | D75: 9LMV8X2 | E75: Processor: 2 x Intel® Xeon® Silver 4114 Processor 13.75M Cache, 2.20 GHz Memory: 4 x 32GB PC4-21300 ECC 2666 MHz Registered DIMMs Network Controller: 2 x 1GE LOM (optional) OCP 2 x 10GE SFP+ or BaseT or 2 x 1GE Raid Controller: PERC H730P RAID Controller Mini Mono, 2GB NV Cache Hard Drive: 2 x SSD INTEL 240GB 2.5" S4510 2 x 2TB Dell Enterprise 7200 RPM SATA 3.5" Optical Drive: Slim 8X DVD+/-RW 9.5mm Internal Drive PCI-Express Slots: 1 x FH/FL + 1 x HH/HL (2U Right riser) slots + 3HH/HL slots Power Supply: 1x 750w Options 2x 750w Management: iDRAC9 with Lifecycle Controller Form Factor: 2U DELL 750 WATT POWER SUPPLY2 x Dell EMC R540 Heat Sink4 x TRAY DELL 3.5" 14G CADDY X7K8W 2 x DELL converter bracket 3.5" to 2.5" | F75: Dell | AQ75: =SUM(G75:AP75) -> 0
A76: 72 | B76: Server | C76: Máy chủ DELL EMC R540 | D76: 9LPV8X2 | E76: Processor: Intel® Xeon® Silver 4114 Processor 13.75M Cache, 2.20 GHz Memory: 3 x 32GB PC4-21300 ECC 2666 MHz Registered DIMMs Network Controller: 2 x 1GE LOM (optional) OCP 2 x 10GE SFP+ or BaseT or 2 x 1GE Raid Controller: PERC H730P RAID Controller Mini Mono, 2GB NV Cache Hard Drive: 2 x 2TB Dell Enterprise 7200 RPM SATA 3.5" Optical Drive: Slim 8X DVD+/-RW 9.5mm Internal Drive PCI-Express Slots: 1 x FH/FL + 1 x HH/HL (2U Right riser) slots + 3HH/HL slots Power Supply: 1x 750w Options 2x 750w Management: iDRAC9 with Lifecycle Controller Form Factor: 2U DELL 750 WATT POWER SUPPLYDell EMC R540 Heat Sink2 x TRAY DELL 3.5" 14G CADDY X7K8W | F76: Dell | AQ76: =SUM(G76:AP76) -> 0
A77: 73 | B77: Server | C77: Workstation ( Boot room ) | E77: Mainboard Intel S1200 SPSR CPU Intel Xeon E3-1230 v6 (8M Cache, 3.5GHz) Ram Kingston 8GB ECC DDR4/2400 (KSM24ES8/8ME) SSD Samsung 860 EVO 250GB M.2 Sata (Mz-N6E250BW) HDD WD Black 2TB Sata3(WD2003FZEX) Power Cooler Master 500W Elite V3 Case Erosi X9 (No power) Card Gigabyte 2GB N1030OC-2GI | F77: Lắp ráp ĐNA | AQ77: =SUM(G77:AP77) -> 0
A78: 74 | B78: Server | C78: Intel® Ethernet Server Adapter I350-T4 | D78: 8A0380 8A0738 87E510 87B0B8 87E2EC | E78: Intel Ethernet Server Adapter I350-T4 PCI Express Genx2.1 INTEL I350T4 Quad-Port Network Lan Card Model No: Intel Ethernet I350-T4 Bus Type：PCI Express 2.1(5GT/s) Chipset：Intel® NHI350AM4 | AQ78: =SUM(G78:AP78) -> 0
A79: 75 | B79: Server | C79: Tủ server HRN 20U | D79: D1000 | AQ79: =SUM(G79:AP79) -> 0
A80: 76 | B80: Thiết bị mạng | C80: Thiết bị Firewall, dùng để bảo vệ, thiết lập các chính sách bảo mật giữa các mạng LAN với nhau và bảo vệ người dùng từ các cuộc tấn công từ Internet | D80: SRX1500-AC | E80: SRX1500 with 16x1G, 4x10G (SFP+) on-board ports, 1x AC PSU and 100GB SSD | F80: Juniper | AQ80: =SUM(G80:AP80) -> 0
A81: 77 | B81: Thiết bị mạng | C81: Phần mềm cho thiết bị tường lửa | D81: SRX1500-JSE | E81: SRX1500 Juniper Secure Edge software with Firewall, NAT, IPSec, Routing, Switching, MPLS and Application Security services (requireSRX1500-AC or SRX1500-DC to complete the system) | F81: Juniper | AQ81: =SUM(G81:AP81) -> 0
A82: 78 | B82: Thiết bị mạng | C82: Kết nối lên Core switch. Mỗi FW 2 kết nối | D82: SFPP-AT-LP-85-03 | E82: SFP+ Plug-in, 10Gbps, 300m, TX/RX 850nm, on two multimode fiber | F82: Ascent Comtech | AQ82: =SUM(G82:AP82) -> 0
A83: 79 | B83: Thiết bị mạng | C83: Thiết bị chuyển mạch trung tâm, cung cấp các kết nội quang 10G đến switch access, Firewall. Là thiết bị chuyển mạch có năng lực lớn, độ trễ thấp, đảm bảo năng lực chuyển mạch cho toàn bộ hệ thống | D83: EX4600-40F-AFO | E83: EX4600, 24 SFP+/SFP ports, 4 QSFP+ ports, 2 expansion slots, redundant fans, 2 AC power supplies, front to back airflow | F83: Juniper | AQ83: =SUM(G83:AP83) -> 0
A84: 80 | B84: Thiết bị mạng | C84: Slot mở rộng 8 cổng 10G | D84: EX4600-EM-8F | E84: EX4600 8 port SFP+/SFP expansion module | F84: Juniper | AQ84: =SUM(G84:AP84) -> 0
A85: 81 | B85: Thiết bị mạng | C85: Cáp stack 80G giữa 2 thiết bị core | D85: QFX-QSFP-DAC-1M | E85: QSFP+ Cable Assy, 1m, 30AWG, Passive, Programmable ID | F85: Juniper | AQ85: =SUM(G85:AP85) -> 0
A86: 82 | B86: Thiết bị mạng | C86: Module đồng, kết nối lên cân bằng tải, mỗi mỗi thiết bị Core có 1 kết nối lên cân bằng tải | D86: EX-SFP-1GE-T | E86: Small Form Factor Pluggable 10/100/1000 Copper Transceiver Module | F86: Ascent Comtech | AQ86: =SUM(G86:AP86) -> 0
A87: 83 | B87: Thiết bị mạng | C87: Switch access tầng, cung cấp giao diện kết nối đến các thiết bị đầu cuối từng tầng và core switch | D87: EX2300-24T | E87: EX2300 24-port 10/100/1000BaseT, 4 x 1/10G SFP/SFP+ (optics sold separately) | F87: Juniper | AQ87: =SUM(G87:AP87) -> 0
A88: 84 | B88: Thiết bị mạng | C88: Switch access tầng, cung cấp giao diện kết nối đến các thiết bị đầu cuối từng tầng và core switch | D88: EX2300-48T | E88: EX2300 48-port 10/100/1000BaseT, 4 x 1/10G SFP/SFP+ (optics sold separately) | F88: Juniper | AJ88: 3 | AQ88: =SUM(G88:AP88) -> 3
A89: 85 | B89: Thiết bị mạng | C89: Switch server, gom các kết nối vào hệ thống server chuyên dụng | D89: EX2300-24T | E89: EX2300 24-port 10/100/1000BaseT, 4 x 1/10G SFP/SFP+ (optics sold separately) | F89: Juniper | AQ89: =SUM(G89:AP89) -> 0
A90: 86 | B90: Máy đặt suất ăn | C90: Máy tính bàn DELL | D90: Dell Vostro 3470ST (HXKWJ2) | E90: CPU: Intel Pentium® Gold G5420 (3.80 GHz, 2 Cores 4 Threads, 4MB Cache) RAM: 4GB DDR4 Ổ cứng: 1TB HDD 7200rpm VGA: Intel® UHD Graphics 610 Kết nối mạng: Wlan + Bluetooth | F90: Dell | AM90: 1 | AQ90: =SUM(G90:AP90) -> 1
A91: 87 | B91: Máy đặt suất ăn | C91: Màn hình máy tính để bàn Dell | D91: Dell P2418HT | E91: 23.8'' FHD (1920x1080) Anti-Glare, IPS, @ 60Hz. Độ tương phản 1000:1, thời gian đáp ứng 6ms Độ sáng: 250 cd/m2, góc nhìn: 178 độ (V) x 178 độ (H) Ports : VGA, HDMI, Audio, Display Port, 4x USB | F91: Dell | AM91: 1 | AQ91: =SUM(G91:AP91) -> 1
A92: 88 | B92: Máy chiếu | C92: Máy chiếu Epson | D92: EB–E10 | F92: Epson | Q92: 1 | R92: 1 | S92: 1 | T92: 1 | U92: 1 | V92: 1 | AQ92: =SUM(G92:AP92) -> 6
A93: 89 | B93: Máy in, photo | C93: Máy in, photo | D93: LBP 226 | F93: Canon | AQ93: =SUM(G93:AP93) -> 0
A94: 90 | B94: Máy tính bàn | C94: Máy tính bàn DELL | D94: Dell Vostro 3681 | E94: 120Gb SSD + 1Tb HDD, DDr 4 4gb | F94: Dell | H94: 1 | P94: 1 | Q94: 1 | R94: 1 | S94: 1 | T94: 1 | U94: 1 | AQ94: =SUM(G94:AP94) -> 7
A95: 91 | B95: Máy tính bàn | C95: Máy tính bàn DELL | D95: Dell Vostro 3681 | E95: 256Gb SSD, DDr4 8gb | F95: Dell | AQ95: =SUM(G95:AP95) -> 0
A96: 92 | B96: Máy tính bàn | C96: Màn hình máy tính để bàn Dell | D96: Dell E1920H | F96: DELL | H96: 1 | P96: 1 | Q96: 1 | R96: 1 | S96: 1 | T96: 1 | U96: 1 | AQ96: =SUM(G96:AP96) -> 7
A97: 93 | B97: Máy chiếu | C97: Phông chiếu cơ | Q97: 1 | R97: 1 | S97: 1 | T97: 1 | U97: 1 | V97: 1 | AQ97: =SUM(G97:AP97) -> 6
A98: 94 | B98: Âm thanh | C98: Loa phóng | AQ98: =SUM(G98:AP98) -> 0
A99: 95 | B99: Máy tính bàn | C99: Case máy tính ĐNA ( I5 12400, mainboard gigabyte B760, SSD kingmax 250Gb, DDR4 8Gb. Bàn phím chuột Fuhlen) | AQ99: =SUM(G99:AP99) -> 0
A100: 96 | B100: Máy tính bàn | C100: Màn hình máy tính để bàn Dell | D100: Dell 2225H | AQ100: =SUM(G100:AP100) -> 0
A101: 97 | B101: Máy tính bàn | C101: Bộ lưu điện APC 700VA | D101: BVX700LUI-MS | AQ101: =SUM(G101:AP101) -> 0
A102: 98 | B102: Thiết bị mạng | C102: Thiết bị cân bằng tải | D102: Draytek Vigor 2926 Plus | AQ102: =SUM(G102:AP102) -> 0
...

Sheet Tầng 5
A3: STT | B3: Phân loại | C3: Tên thiết bị | G3: Vị trí lắp đặt - Người sử dụng (Số lượng) | AL3: Tổng
D4: Mã thiết bị | E4: Cấu hình thiết bị | F4: Hãng sản xuất | G4: 5F1 | H4: 5F2 | I4: 5F3 | J4: 5F4 | K4: 5F5 | L4: 5F6 | M4: 5F7 | N4: 5F8 | O4: 5F9 | P4: 5F10 | Q4: 5F11 | R4: 5F12 | S4: 5F13 | T4: 5F14 | U4: 5F15 | V4: 5F16 | W4: 5F17 | X4: 5F18 | Y4: 5F19 | Z4: WC Y4-Y5 | AA4: WC Y15-Y16 | AB4: WC Y11-Y12 | AC4: HL Y4-Y16 | AD4: HL Y1-Y16 | AE4: Sảnh Y7-Y9 | AF4: CT bộ Y4-Y5 | AG4: HL X1-X7 | AH4: Thang bộ Y9-Y10 | AI4: Sảnh thang máy | AJ4: Thư viện | AK4: Thang bộ Y13-Y14
B5: Camera | C5: Đầu lưu trữ hình ảnh | D5: DS-7732NI-K4 | AL5: =SUM(G5:AK5) -> 0
B6: Camera | C6: Ổ cứng Seagate Skyhawk ST4000VX007 | AL6: =SUM(G6:AK6) -> 0
B7: Camera | C7: Camera IP Dome hồng ngoại 2.0 Megapixel | D7: DS-2CD1123G0E-I(L) | Q7: 1 | S7: 1 | U7: 1 | AF7: 1 | AL7: =SUM(G7:AK7) -> 4
A8: 1 | B8: Camera | C8: Camera IP dome hồng ngoại trong nhà POE (Hành lang, lớp học,thang máy…) | D8: MS-C2975-PB | AC8: 9 | AI8: 1 | AJ8: 1 | AL8: =SUM(G8:AK8) -> 11
A9: 2 | B9: Camera | C9: Camera hồng ngoại IP bullet 1080p IP66 (Sân chơi, bể bơi, sân bóng rổ, sân khấu…) | D9: MS-C2962-FPB | AL9: =SUM(G9:AK9) -> 0
A10: 3 | B10: Camera | C10: Camera bullet cho ứng dụng nhận diện khuôn mặt với P -Iris (Cổng ra vào 1,2) | D10: MS-C2862-FPB | AL10: =SUM(G10:AK10) -> 0
A11: 4 | B11: Camera | C11: Camera IP quay quét (PTZ) -quan sát toàn cảnh | D11: MS-C2941-X30R(P)B | AL11: =SUM(G11:AK11) -> 0
A12: 5 | B12: Camera | C12: Đầu lưu trữ hình ảnh | D12: MS-N8032-UH | AL12: =SUM(G12:AK12) -> 0
A13: 6 | B13: Camera | C13: Switch 08 cổng PoE + 2 SFP | D13: GS-4210-8P2S | AG13: 1 | AL13: =SUM(G13:AK13) -> 1
A14: 7 | B14: Camera | C14: Switch 24 cổng LAN trung tâm | D14: GS-5220-20T4C4X | AL14: =SUM(G14:AK14) -> 0
A15: 8 | B15: Camera | C15: Module quang | D15: MGB series MGB-LX | AG15: 1 | AL15: =SUM(G15:AK15) -> 1
A16: 9 | B16: Camera | C16: Bộ chuyển đổi quang điện | D16: GT-802S | AL16: =SUM(G16:AK16) -> 0
A17: 10 | B17: Camera | C17: Bộ chuyển đổi (Dùng cho Camera lắp trong thang máy). | D17: VC-201A-EU | AL17: =SUM(G17:AK17) -> 0
A18: 11 | B18: Camera | C18: Bộ thiết bị mạng kéo dài nguồn tích hợp công nghệ POE | D18: FPI -100GA | AL18: =SUM(G18:AK18) -> 0
A19: 12 | B19: Camera | C19: Ổ cứng Seagate Skyhawk ST4000VX007 | AL19: =SUM(G19:AK19) -> 0
A20: 13 | B20: Camera | C20: Smart Tivi Samsung 49 inch Full HD | D20: 49J5250 | AL20: =SUM(G20:AK20) -> 0
A21: 14 | B21: Camera | C21: Dây HDMI 5m | D21: Ugreen | AL21: =SUM(G21:AK21) -> 0
A22: 15 | B22: Camera | C22: Máy chủ HP | D22: 4FU52AV HP Z2 Tower G4 | AL22: =SUM(G22:AK22) -> 0
A23: 16 | B23: Camera | C23: Màn hình máy tính HP | D23: 3AL28AA HP | AL23: =SUM(G23:AK23) -> 0
A24: 17 | B24: Camera | C24: Bộ lưu điện APC Smart-UPS On-Line, 6000 Watts /6000 VA | D24: SRT6KXLI | AL24: =SUM(G24:AK24) -> 0
A25: 18 | B25: Camera | C25: Cần điều khiển chuyên dụng cho các loại Camera Bullet, Dome, PTZ ở góc view xa | D25: MS-K02 | AL25: =SUM(G25:AK25) -> 0
A26: 19 | B26: Camera | C26: Tủ trung tâm đựng thiết bị 27U -kèm SPU -Cánh cửa lưới - màu đen | D26: VN-/- | AL26: =SUM(G26:AK26) -> 0
A27: 20 | B27: Âm thanh | C27: ÂM ly 60w | D27: PLE-1MA060-EU | AL27: =SUM(G27:AK27) -> 0
A28: 21 | B28: Âm thanh | C28: ÂM ly 240w | D28: PLE-1ME240-EU | AL28: =SUM(G28:AK28) -> 0
A29: 22 | B29: Âm thanh | C29: ÂM ly 120w | D29: PLE-1MA120-EU | AL29: =SUM(G29:AK29) -> 0
A30: 23 | B30: Âm thanh | C30: Loa 6w | D30: LHM0606/10 | Z30: 2 | AA30: 2 | AB30: 2 | AD30: 9 | AE30: 1 | AL30: =SUM(G30:AK30) -> 16
A31: 24 | B31: Âm thanh | C31: Loa 24w | D31: LBC3099/41 | K31: 2 | M31: 2 | Q31: 2 | S31: 2 | U31: 2 | AL31: =SUM(G31:AK31) -> 10
A32: 25 | B32: Âm thanh | C32: Mic không dây | D32: MW1-HTX-F5 | AL32: =SUM(G32:AK32) -> 0
A33: 26 | B33: Âm thanh | C33: ÂM ly 480w | D33: LBB1938/20 | AL33: =SUM(G33:AK33) -> 0
A34: 27 | B34: Âm thanh | C34: Bộ thu | D34: MW1-RX-F5 | H34: 5 | AL34: =SUM(G34:AK34) -> 5
A35: 28 | B35: Âm thanh | C35: ÂM ly 480w | D35: FV-248PA | AL35: =SUM(G35:AK35) -> 0
A36: 29 | B36: Âm thanh | C36: Bàn trộn (Mixer) | D36: MG10XU | AL36: =SUM(G36:AK36) -> 0
A37: 30 | B37: Âm thanh | C37: Mic đại biểu | D37: CCS-DL | AL37: =SUM(G37:AK37) -> 0
A38: 31 | B38: Âm thanh | C38: Mic chủ tịch | D38: CCS-CML | AL38: =SUM(G38:AK38) -> 0
A39: 32 | B39: Âm thanh | C39: Bộ điều khiển trung tâm | D39: CCS-CUD | AL39: =SUM(G39:AK39) -> 0
A40: 33 | B40: Âm thanh | C40: cáp nối dài 10M | D40: LBB3316/10 | AL40: =SUM(G40:AK40) -> 0
A41: 34 | B41: Âm thanh | C41: Loa hộp 30w | D41: LB2/UC30-D1 | AL41: =SUM(G41:AK41) -> 0
A42: 35 | B42: Âm thanh | C42: Mic cài ve | D42: MW1-LTX-F5 | H42: 5 | AL42: =SUM(G42:AK42) -> 5
A43: 36 | B43: Âm thanh | C43: Âm ly 30w | D43: PLE-1MA030-EU | AL43: =SUM(G43:AK43) -> 0
A44: 37 | B44: Âm thanh | C44: Loa hộp 90w | D44: EVID-S5.2XW | AL44: =SUM(G44:AK44) -> 0
A45: 38 | B45: Âm thanh | C45: Network | D45: IP-1000CI | AL45: =SUM(G45:AK45) -> 0
A46: 39 | B46: Âm thanh | C46: Phần mềm | D46: IP-1000S | AL46: =SUM(G46:AK46) -> 0
A47: 40 | B47: Âm thanh | C47: Khối giao diện audio | D47: IP-1000AF | AL47: =SUM(G47:AK47) -> 0
A48: 41 | B48: Âm thanh | C48: Module mạng | D48: IP-100XI | AL48: =SUM(G48:AK48) -> 0
A49: 42 | B49: Âm thanh | C49: Âm ly 120w | D49: AX-0120 | AL49: =SUM(G49:AK49) -> 0
A50: 43 | B50: Âm thanh | C50: Âm ly 240w | D50: AX-0240 | AL50: =SUM(G50:AK50) -> 0
A51: 44 | B51: Âm thanh | C51: Micro chọn 10 vùng IP | D51: IP-100RM | AL51: =SUM(G51:AK51) -> 0
A52: 45 | B52: Âm thanh | C52: Tủ 12 U có khay để mixer | AL52: =SUM(G52:AK52) -> 0
A53: 46 | B53: Âm thanh | C53: Tủ 32U | D53: D600 | AL53: =SUM(G53:AK53) -> 0
A54: 47 | B54: Máy tính bàn | C54: Máy tính bàn DELL | D54: Dell 3470ST | E54: Hệ điều hành: Free Dos CPU: Intel Pentium Gold G5400 3.70 GHz, 4MB RAM: 1x4GB DDR4 Ổ đĩa cứng: 1TB 7200 rpm VGA: Intel HD Graphics Wifi: Có tích hợp wifi,DVD | F54: DELL | H54: 1 | J54: 1 | AL54: =SUM(G54:AK54) -> 2
A55: 48 | B55: Máy tính bàn | C55: Máy tính bàn DELL | D55: Dell 3470ST | E55: Hệ điều hành: Free Dos CPU: Intel Pentium Gold G5400 3.70 GHz, 4MB RAM: 2x4GB DDR4 VGA: Intel HD Graphics Wifi: Có tích hợp wifi,DVD | F55: DELL | L55: 1 | Y55: 1 | AL55: =SUM(G55:AK55) -> 2
A56: 49 | B56: Máy tính bàn | C56: Máy tính bàn DELL | D56: Dell 3470ST | E56: Hệ điều hành: Free Dos CPU: Intel Pentium Gold G5400 3.70 GHz, 4MB RAM: 2x4GB DDR4 Ổ đĩa cứng: 1TB 7200 rpm VGA: Intel HD Graphics Wifi: Có tích hợp wifi,DVD | F56: DELL | AL56: =SUM(G56:AK56) -> 0
A57: 50 | B57: Màn hình máy tính | C57: Màn hình máy tính để bàn Dell | D57: Man hinh LCD Dell E2016HV 19.5" | E57: 19.5" TN, HD+ 1600x900, WLed Backlight, độ tương phản 600:1, độ sáng: 200 cd/m2, độ trễ: 5ms, kếtt nối: 1 x VGA. | F57: DELL | J57: 1 | L57: 1 | Y57: 1 | AL57: =SUM(G57:AK57) -> 3
A58: 51 | B58: Màn hình máy tính | C58: Màn hình máy tính để bàn Dell | D58: Màn hình máy tính Dell SE2417HG | E58: 23.6" IPS, Full HD 1920x1080, Led Backlight, độ tương phản 1000:1, độ sáng: 3000 cd/m2, độ trễ: 5ms, kết nối: 1 x HDMI, 1 x VGA. | F58: DELL | H58: 1 | I58: 1 | AL58: =SUM(G58:AK58) -> 2
A59: 52 | B59: Máy tính bàn DELL | C59: Máy tính bàn DELL | D59: Dell 3671 | E59: Máy tính để bàn Dell Vostro 3671 - MT71 G5420W-4G-1T: Intel Pentium G5420 (4MB Cache, up to 3.8GHz); 4GB (lx 4GB) 2400MHz DDR4; 1TB 7200RPM Hard Drive; 6 cling SSD 120GB; DVDRW; Intelgrated Graphics; Chuột; Bàn phím; Windows 10 home | J59: 1 | L59: 1 | AL59: =SUM(G59:AK59) -> 2
A60: 53 | B60: Màn hình máy tính | C60: Màn hình máy tính để bàn Dell | D60: Dell E2016HV | E60: Man hinh may tinh DELL LCD E2016Hv - 19.5" | F60: Dell | J60: 1 | L60: 1 | AL60: =SUM(G60:AK60) -> 2
A61: 54 | B61: Máy tính bàn | C61: Máy tính bàn | E61: Cpu E5 2689 2.6Ghz*2/TN CM T400i*2/ Main SPM X9DRL/ RAM 16G*4/HĐ 1TB/ASUS RX570 4Gb /K/M/ Case + Nguồn 600W CM/ LCD E2417H | F61: Cây lắp ráp ĐNA | AL61: =SUM(G61:AK61) -> 0
A62: 55 | B62: Laptop Dell | C62: Laptop Dell | D62: Dell Latitude 3400 | H62: 1 | I62: 2 | P62: 1 | AJ62: 1 | AL62: =SUM(G62:AK62) -> 5
A63: 56 | B63: Máy in, photo | C63: Máy in, photo | D63: Canon 251DW | J63: 1 | L63: 1 | Y63: 1 | AL63: =SUM(G63:AK63) -> 3
A64: 57 | B64: Máy in, photo | C64: Máy in, photo | D64: Canon 252DW | AL64: =SUM(G64:AK64) -> 0
A65: 58 | B65: Máy in, photo | C65: Máy in, photo | D65: HP | H65: 1 | AL65: =SUM(G65:AK65) -> 1
A66: 59 | B66: Máy in, photo | C66: Máy in, photo | D66: Ricoh 7502 | AL66: =SUM(G66:AK66) -> 0
A67: 60 | B67: Máy in, photo | C67: Máy in, photo | D67: Toshiba 5560C | AL67: =SUM(G67:AK67) -> 0
A68: 61 | B68: Máy chiếu | C68: Máy chiếu | D68: Epson EB-W05 | Y68: 1 | AL68: =SUM(G68:AK68) -> 1
A69: 62 | B69: Máy chiếu | C69: Máy chiếu | D69: Sony VPL-EX430 | AL69: =SUM(G69:AK69) -> 0
A70: 63 | B70: Máy chiếu | C70: Máy chiếu | D70: Sony VPL-EX435,EX575 | AL70: =SUM(G70:AK70) -> 0
A71: 64 | B71: Unifi | C71: Bộ phát sóng không dây | D71: UBIQUITI UniFi AP AC Pro | I71: 1 | J71: 1 | AL71: =SUM(G71:AK71) -> 2
A72: 65 | B72: Máy chấm công | C72: Máy chấm công cho cán bộ,nhân viên | D72: Ronald Jack UA300 | AL72: =SUM(G72:AK72) -> 0
A73: 66 | B73: Máy quẹt thẻ | C73: Máy quẹt thẻ cho học sinh | D73: Zkteco TA939 | AL73: =SUM(G73:AK73) -> 0
A74: 67 | B74: Server | C74: Máy chủ DELL EMC R540 | D74: 9KGZ8X2 9LJZ8X2 9LRT8X2 2JDYVV2 | E74: Processor: 2 x Intel® Xeon® Silver 4114 Processor 13.75M Cache, 2.20 GHz Memory: 4 x 32GB PC4-21300 ECC 2666 MHz Registered DIMMs Network Controller: 2 x 1GE LOM (optional) OCP 2 x 10GE SFP+ or BaseT or 2 x 1GE Raid Controller: PERC H730P RAID Controller Mini Mono, 2GB NV Cache Hard Drive: 2 x 2TB Dell Enterprise 7200 RPM SATA 3.5" Optical Drive: Slim 8X DVD+/-RW 9.5mm Internal Drive PCI-Express Slots: 1 x FH/FL + 1 x HH/HL (2U Right riser) slots + 3HH/HL slots Power Supply: 1x 750w Options 2x 750w Management: iDRAC9 with Lifecycle Controller Form Factor: 2U DELL 750 WATT POWER SUPPLY2 x Dell EMC R540 Heat Sink2 x TRAY DELL 3.5" 14G CADDY X7K8W | F74: Dell | AL74: =SUM(G74:AK74) -> 0
A75: 68 | B75: Server | C75: Máy chủ DELL EMC R540 | D75: 9LMV8X2 | E75: Processor: 2 x Intel® Xeon® Silver 4114 Processor 13.75M Cache, 2.20 GHz Memory: 4 x 32GB PC4-21300 ECC 2666 MHz Registered DIMMs Network Controller: 2 x 1GE LOM (optional) OCP 2 x 10GE SFP+ or BaseT or 2 x 1GE Raid Controller: PERC H730P RAID Controller Mini Mono, 2GB NV Cache Hard Drive: 2 x SSD INTEL 240GB 2.5" S4510 2 x 2TB Dell Enterprise 7200 RPM SATA 3.5" Optical Drive: Slim 8X DVD+/-RW 9.5mm Internal Drive PCI-Express Slots: 1 x FH/FL + 1 x HH/HL (2U Right riser) slots + 3HH/HL slots Power Supply: 1x 750w Options 2x 750w Management: iDRAC9 with Lifecycle Controller Form Factor: 2U DELL 750 WATT POWER SUPPLY2 x Dell EMC R540 Heat Sink4 x TRAY DELL 3.5" 14G CADDY X7K8W 2 x DELL converter bracket 3.5" to 2.5" | F75: Dell | AL75: =SUM(G75:AK75) -> 0
A76: 69 | B76: Server | C76: Máy chủ DELL EMC R540 | D76: 9LPV8X2 | E76: Processor: Intel® Xeon® Silver 4114 Processor 13.75M Cache, 2.20 GHz Memory: 3 x 32GB PC4-21300 ECC 2666 MHz Registered DIMMs Network Controller: 2 x 1GE LOM (optional) OCP 2 x 10GE SFP+ or BaseT or 2 x 1GE Raid Controller: PERC H730P RAID Controller Mini Mono, 2GB NV Cache Hard Drive: 2 x 2TB Dell Enterprise 7200 RPM SATA 3.5" Optical Drive: Slim 8X DVD+/-RW 9.5mm Internal Drive PCI-Express Slots: 1 x FH/FL + 1 x HH/HL (2U Right riser) slots + 3HH/HL slots Power Supply: 1x 750w Options 2x 750w Management: iDRAC9 with Lifecycle Controller Form Factor: 2U DELL 750 WATT POWER SUPPLYDell EMC R540 Heat Sink2 x TRAY DELL 3.5" 14G CADDY X7K8W | F76: Dell | AL76: =SUM(G76:AK76) -> 0
A77: 70 | B77: Server | C77: Workstation ( Boot room ) | E77: Mainboard Intel S1200 SPSR CPU Intel Xeon E3-1230 v6 (8M Cache, 3.5GHz) Ram Kingston 8GB ECC DDR4/2400 (KSM24ES8/8ME) SSD Samsung 860 EVO 250GB M.2 Sata (Mz-N6E250BW) HDD WD Black 2TB Sata3(WD2003FZEX) Power Cooler Master 500W Elite V3 Case Erosi X9 (No power) Card Gigabyte 2GB N1030OC-2GI | F77: Lắp ráp ĐNA | AL77: =SUM(G77:AK77) -> 0
A78: 71 | B78: Server | C78: Intel® Ethernet Server Adapter I350-T4 | D78: 8A0380 8A0738 87E510 87B0B8 87E2EC | E78: Intel Ethernet Server Adapter I350-T4 PCI Express Genx2.1 INTEL I350T4 Quad-Port Network Lan Card Model No: Intel Ethernet I350-T4 Bus Type：PCI Express 2.1(5GT/s) Chipset：Intel® NHI350AM4 | AL78: =SUM(G78:AK78) -> 0
A79: 72 | B79: Server | C79: Tủ server HRN 20U | D79: D1000 | AL79: =SUM(G79:AK79) -> 0
A80: 73 | B80: Thiết bị mạng | C80: Thiết bị Firewall, dùng để bảo vệ, thiết lập các chính sách bảo mật giữa các mạng LAN với nhau và bảo vệ người dùng từ các cuộc tấn công từ Internet | D80: SRX1500-AC | E80: SRX1500 with 16x1G, 4x10G (SFP+) on-board ports, 1x AC PSU and 100GB SSD | F80: Juniper | AL80: =SUM(G80:AK80) -> 0
A81: 74 | B81: Thiết bị mạng | C81: Phần mềm cho thiết bị tường lửa | D81: SRX1500-JSE | E81: SRX1500 Juniper Secure Edge software with Firewall, NAT, IPSec, Routing, Switching, MPLS and Application Security services (requireSRX1500-AC or SRX1500-DC to complete the system) | F81: Juniper | AL81: =SUM(G81:AK81) -> 0
A82: 75 | B82: Thiết bị mạng | C82: Kết nối lên Core switch. Mỗi FW 2 kết nối | D82: SFPP-AT-LP-85-03 | E82: SFP+ Plug-in, 10Gbps, 300m, TX/RX 850nm, on two multimode fiber | F82: Ascent Comtech | AL82: =SUM(G82:AK82) -> 0
A83: 76 | B83: Thiết bị mạng | C83: Thiết bị chuyển mạch trung tâm, cung cấp các kết nội quang 10G đến switch access, Firewall. Là thiết bị chuyển mạch có năng lực lớn, độ trễ thấp, đảm bảo năng lực chuyển mạch cho toàn bộ hệ thống | D83: EX4600-40F-AFO | E83: EX4600, 24 SFP+/SFP ports, 4 QSFP+ ports, 2 expansion slots, redundant fans, 2 AC power supplies, front to back airflow | F83: Juniper | AL83: =SUM(G83:AK83) -> 0
A84: 77 | B84: Thiết bị mạng | C84: Slot mở rộng 8 cổng 10G | D84: EX4600-EM-8F | E84: EX4600 8 port SFP+/SFP expansion module | F84: Juniper | AL84: =SUM(G84:AK84) -> 0
A85: 78 | B85: Thiết bị mạng | C85: Cáp stack 80G giữa 2 thiết bị core | D85: QFX-QSFP-DAC-1M | E85: QSFP+ Cable Assy, 1m, 30AWG, Passive, Programmable ID | F85: Juniper | AL85: =SUM(G85:AK85) -> 0
A86: 79 | B86: Thiết bị mạng | C86: Module đồng, kết nối lên cân bằng tải, mỗi mỗi thiết bị Core có 1 kết nối lên cân bằng tải | D86: EX-SFP-1GE-T | E86: Small Form Factor Pluggable 10/100/1000 Copper Transceiver Module | F86: Ascent Comtech | AL86: =SUM(G86:AK86) -> 0
A87: 80 | B87: Thiết bị mạng | C87: Switch access tầng, cung cấp giao diện kết nối đến các thiết bị đầu cuối từng tầng và core switch | D87: EX2300-24T | E87: EX2300 24-port 10/100/1000BaseT, 4 x 1/10G SFP/SFP+ (optics sold separately) | F87: Juniper | AC87: 2 | AL87: =SUM(G87:AK87) -> 2
A88: 81 | B88: Thiết bị mạng | C88: Switch access tầng, cung cấp giao diện kết nối đến các thiết bị đầu cuối từng tầng và core switch | D88: EX2300-48T | E88: EX2300 48-port 10/100/1000BaseT, 4 x 1/10G SFP/SFP+ (optics sold separately) | F88: Juniper | AC88: 1 | AL88: =SUM(G88:AK88) -> 1
A89: 82 | B89: Thiết bị mạng | C89: Switch server, gom các kết nối vào hệ thống server chuyên dụng | D89: EX2300-24T | E89: EX2300 24-port 10/100/1000BaseT, 4 x 1/10G SFP/SFP+ (optics sold separately) | F89: Juniper | AL89: =SUM(G89:AK89) -> 0
A90: 83 | B90: Máy đặt suất ăn | C90: Máy tính bàn DELL | D90: Dell Vostro 3470ST (HXKWJ2) | E90: CPU: Intel Pentium® Gold G5420 (3.80 GHz, 2 Cores 4 Threads, 4MB Cache) RAM: 4GB DDR4 Ổ cứng: 1TB HDD 7200rpm VGA: Intel® UHD Graphics 610 Kết nối mạng: Wlan + Bluetooth | F90: Dell | I90: 1 | AL90: =SUM(G90:AK90) -> 1
A91: 84 | B91: Máy đặt suất ăn | C91: Màn hình máy tính để bàn Dell | D91: Dell P2418HT | E91: 23.8'' FHD (1920x1080) Anti-Glare, IPS, @ 60Hz. Độ tương phản 1000:1, thời gian đáp ứng 6ms Độ sáng: 250 cd/m2, góc nhìn: 178 độ (V) x 178 độ (H) Ports : VGA, HDMI, Audio, Display Port, 4x USB | F91: Dell | AL91: =SUM(G91:AK91) -> 0
A92: 85 | B92: Máy chiếu | C92: Máy chiếu Epson | D92: EB–E10 | F92: Epson | AL92: =SUM(G92:AK92) -> 0
A93: 86 | B93: Máy in, photo | C93: Máy in, photo | D93: LBP 226 | F93: Canon | H93: 1 | AL93: =SUM(G93:AK93) -> 1
A94: 87 | B94: Máy tính bàn | C94: Máy tính bàn DELL | D94: Dell Vostro 3681 | E94: 120Gb SSD + 1Tb HDD, DDr 4 4gb | F94: Dell | H94: 1 | AL94: =SUM(G94:AK94) -> 1
A95: 88 | B95: Máy tính bàn | C95: Máy tính bàn DELL | D95: Dell Vostro 3681 | E95: 256Gb SSD, DDr4 8gb | F95: Dell | AL95: =SUM(G95:AK95) -> 0
A96: 89 | B96: Máy tính bàn | C96: Màn hình máy tính để bàn Dell | D96: Dell E1920H | F96: DELL | H96: 1 | AL96: =SUM(G96:AK96) -> 1
A97: 93 | B97: Máy chiếu | C97: Phông chiếu cơ | AL97: =SUM(G97:AK97) -> 0
A98: 94 | B98: Âm thanh | C98: Loa phóng | AL98: =SUM(G98:AK98) -> 0
A99: 95 | B99: Máy tính bàn | C99: Case máy tính ĐNA ( I5 12400, mainboard gigabyte B760, SSD kingmax 250Gb, DDR4 8Gb. Bàn phím chuột Fuhlen) | AL99: =SUM(G99:AK99) -> 0
A100: 96 | B100: Máy tính bàn | C100: Màn hình máy tính để bàn Dell | D100: Dell 2225H | AL100: =SUM(G100:AK100) -> 0
A101: 97 | B101: Máy tính bàn | C101: Bộ lưu điện APC 700VA | D101: BVX700LUI-MS | AL101: =SUM(G101:AK101) -> 0
A102: 98 | B102: Thiết bị mạng | C102: Thiết bị cân bằng tải | D102: Draytek Vigor 2926 Plus | AL102: =SUM(G102:AK102) -> 0
...

Sheet Tầng 6
A3: STT | B3: Phân loại | C3: Tên thiết bị | G3: Vị trí lắp đặt - Người sử dụng (Số lượng) | V3: Tổng
D4: Mã thiết bị | E4: Cấu hình thiết bị | F4: Hãng sản xuất | G4: TUM | H4: Thang máy | I4: Tủ kỹ thuật điện | J4: HÀNH LANG | K4: 6F1 | L4: 6F3 | M4: 6F5 | N4: 6F7 | O4: 6F9 | P4: 6F11 | Q4: 6F13 | R4: 6F15 | S4: 6F17 | T4: 6F19 | U4: 6F21
A5: 1 | B5: Camera | C5: Đầu lưu trữ hình ảnh | D5: DS-7732NI-K4 | V5: =SUM(G5:U5) -> 0
A6: 2 | B6: Camera | C6: Ổ cứng Seagate Skyhawk ST4000VX007 | V6: =SUM(G6:U6) -> 0
A7: 3 | B7: Camera | C7: Camera IP Dome hồng ngoại 2.0 Megapixel | D7: DS-2CD1123G0E-I(L) | J7: 3 | O7: 1 | P7: 1 | Q7: 1 | R7: 1 | S7: 1 | T7: 5 | U7: 1 | V7: =SUM(G7:U7) -> 14
A8: 4 | B8: Camera | C8: Camera IP dome hồng ngoại trong nhà POE (Hành lang, lớp học,thang máy…) | D8: MS-C2975-PB | H8: 2 | V8: =SUM(G8:U8) -> 2
A9: 5 | B9: Camera | C9: Camera hồng ngoại IP bullet 1080p IP66 (Sân chơi, bể bơi, sân bóng rổ, sân khấu…) | D9: MS-C2962-FPB | V9: =SUM(G9:U9) -> 0
A10: 6 | B10: Camera | C10: Camera bullet cho ứng dụng nhận diện khuôn mặt với P -Iris (Cổng ra vào 1,2) | D10: MS-C2862-FPB | V10: =SUM(G10:U10) -> 0
A11: 7 | B11: Camera | C11: Camera IP quay quét (PTZ) -quan sát toàn cảnh | D11: MS-C2941-X30R(P)B | G11: 3 | V11: =SUM(G11:U11) -> 3
A12: 8 | B12: Camera | C12: Đầu lưu trữ hình ảnh | D12: MS-N8032-UH | V12: =SUM(G12:U12) -> 0
A13: 9 | B13: Camera | C13: Switch 08 cổng PoE + 2 SFP | D13: GS-4210-8P2S | T13: 1 | V13: =SUM(G13:U13) -> 1
A14: 10 | B14: Camera | C14: Switch 24 cổng LAN trung tâm | D14: GS-5220-20T4C4X | V14: =SUM(G14:U14) -> 0
A15: 11 | B15: Camera | C15: Module quang | D15: MGB series MGB-LX | V15: =SUM(G15:U15) -> 0
A16: 12 | B16: Camera | C16: Bộ chuyển đổi quang điện | D16: GT-802S | H16: 2 | V16: =SUM(G16:U16) -> 2
A17: 13 | B17: Camera | C17: Bộ chuyển đổi (Dùng cho Camera lắp trong thang máy). | D17: VC-201A-EU | H17: 4 | V17: =SUM(G17:U17) -> 4
A18: 14 | B18: Camera | C18: Bộ thiết bị mạng kéo dài nguồn tích hợp công nghệ POE | D18: FPI -100GA | H18: 2 | V18: =SUM(G18:U18) -> 2
A19: 15 | B19: Camera | C19: Ổ cứng Seagate Skyhawk ST4000VX007 | V19: =SUM(G19:U19) -> 0
A20: 16 | B20: Camera | C20: Smart Tivi Samsung 49 inch Full HD | D20: 49J5250 | V20: =SUM(G20:U20) -> 0
A21: 17 | B21: Camera | C21: Dây HDMI 5m | D21: Ugreen | V21: =SUM(G21:U21) -> 0
A22: 18 | B22: Camera | C22: Máy chủ HP | D22: 4FU52AV HP Z2 Tower G4 | V22: =SUM(G22:U22) -> 0
A23: 19 | B23: Camera | C23: Màn hình máy tính HP | D23: 3AL28AA HP | V23: =SUM(G23:U23) -> 0
A24: 20 | B24: Camera | C24: Bộ lưu điện APC Smart-UPS On-Line, 6000 Watts /6000 VA | D24: SRT6KXLI | V24: =SUM(G24:U24) -> 0
A25: 21 | B25: Camera | C25: Cần điều khiển chuyên dụng cho các loại Camera Bullet, Dome, PTZ ở góc view xa | D25: MS-K02 | V25: =SUM(G25:U25) -> 0
A26: 22 | B26: Camera | C26: Tủ trung tâm đựng thiết bị 27U -kèm SPU -Cánh cửa lưới - màu đen | D26: VN-/- | V26: =SUM(G26:U26) -> 0
A27: 23 | B27: Âm thanh | C27: ÂM ly 60w | D27: PLE-1MA060-EU | O27: 1 | P27: 1 | Q27: 1 | U27: 1 | V27: =SUM(G27:U27) -> 4
A28: 24 | B28: Âm thanh | C28: ÂM ly 240w | D28: PLE-1ME240-EU | I28: 1 | V28: =SUM(G28:U28) -> 1
A29: 25 | B29: Âm thanh | C29: ÂM ly 120w | D29: PLE-1MA120-EU | V29: =SUM(G29:U29) -> 0
A30: 26 | B30: Âm thanh | C30: Loa 6w | D30: LHM0606/10 | V30: =SUM(G30:U30) -> 0
A31: 27 | B31: Âm thanh | C31: Loa 24w | D31: LBC3099/41 | O31: 2 | P31: 2 | Q31: 2 | U31: 4 | V31: =SUM(G31:U31) -> 10
A32: 28 | B32: Âm thanh | C32: Mic không dây | D32: MW1-HTX-F5 | U32: 1 | V32: =SUM(G32:U32) -> 1
A33: 29 | B33: Âm thanh | C33: ÂM ly 480w | D33: LBB1938/20 | V33: =SUM(G33:U33) -> 0
A34: 30 | B34: Âm thanh | C34: Bộ thu | D34: MW1-RX-F5 | U34: 1 | V34: =SUM(G34:U34) -> 1
A35: 31 | B35: Âm thanh | C35: ÂM ly 480w | D35: FV-248PA | V35: =SUM(G35:U35) -> 0
A36: 32 | B36: Âm thanh | C36: Bàn trộn (Mixer) | D36: MG10XU | V36: =SUM(G36:U36) -> 0
A37: 33 | B37: Âm thanh | C37: Mic đại biểu | D37: CCS-DL | V37: =SUM(G37:U37) -> 0
A38: 34 | B38: Âm thanh | C38: Mic chủ tịch | D38: CCS-CML | V38: =SUM(G38:U38) -> 0
A39: 35 | B39: Âm thanh | C39: Bộ điều khiển trung tâm | D39: CCS-CUD | V39: =SUM(G39:U39) -> 0
A40: 36 | B40: Âm thanh | C40: cáp nối dài 10M | D40: LBB3316/10 | V40: =SUM(G40:U40) -> 0
A41: 37 | B41: Âm thanh | C41: Loa hộp 30w | D41: LB2/UC30-D1 | V41: =SUM(G41:U41) -> 0
A42: 38 | B42: Âm thanh | C42: Mic cài ve | D42: MW1-LTX-F5 | V42: =SUM(G42:U42) -> 0
A43: 39 | B43: Âm thanh | C43: Âm ly 30w | D43: PLE-1MA030-EU | V43: =SUM(G43:U43) -> 0
A44: 40 | B44: Âm thanh | C44: Loa hộp 90w | D44: EVID-S5.2XW | V44: =SUM(G44:U44) -> 0
A45: 41 | B45: Âm thanh | C45: Network | D45: IP-1000CI | V45: =SUM(G45:U45) -> 0
A46: 42 | B46: Âm thanh | C46: Phần mềm | D46: IP-1000S | V46: =SUM(G46:U46) -> 0
... A51: 47 | B51: Âm thanh | C51: Micro chọn 10 vùng IP | D51: IP-100RM | V51: =SUM(G51:U51) -> 0
A52: 48 | B52: Âm thanh | C52: Tủ 12 U có khay để mixer | V52: =SUM(G52:U52) -> 0
A53: 49 | B53: Âm thanh | C53: Tủ 32U | D53: D600 | V53: =SUM(G53:U53) -> 0
A54: 50 | B54: Máy tính bàn | C54: Máy tính bàn DELL | D54: Dell 3470ST | E54: Hệ điều hành: Free Dos CPU: Intel Pentium Gold G5400 3.70 GHz, 4MB RAM: 1x4GB DDR4 Ổ đĩa cứng: 1TB 7200 rpm VGA: Intel HD Graphics Wifi: Có tích hợp wifi,DVD | F54: DELL | V54: =SUM(G54:U54) -> 0
A55: 51 | B55: Máy tính bàn | C55: Máy tính bàn DELL | D55: Dell 3470ST | E55: Hệ điều hành: Free Dos CPU: Intel Pentium Gold G5400 3.70 GHz, 4MB RAM: 2x4GB DDR4 VGA: Intel HD Graphics Wifi: Có tích hợp wifi,DVD | F55: DELL | V55: =SUM(G55:U55) -> 0
A56: 52 | B56: Máy tính bàn | C56: Máy tính bàn DELL | D56: Dell 3470ST | E56: Hệ điều hành: Free Dos CPU: Intel Pentium Gold G5400 3.70 GHz, 4MB RAM: 2x4GB DDR4 Ổ đĩa cứng: 1TB 7200 rpm VGA: Intel HD Graphics Wifi: Có tích hợp wifi,DVD | F56: DELL | V56: =SUM(G56:U56) -> 0
A57: 53 | B57: Màn hình máy tính | C57: Màn hình máy tính để bàn Dell | D57: Man hinh LCD Dell E2016HV 19.5" | E57: 19.5" TN, HD+ 1600x900, WLed Backlight, độ tương phản 600:1, độ sáng: 200 cd/m2, độ trễ: 5ms, kếtt nối: 1 x VGA. | F57: DELL | V57: =SUM(G57:U57) -> 0
A58: 54 | B58: Màn hình máy tính | C58: Màn hình máy tính để bàn Dell | D58: Màn hình máy tính Dell SE2417HG | E58: 23.6" IPS, Full HD 1920x1080, Led Backlight, độ tương phản 1000:1, độ sáng: 3000 cd/m2, độ trễ: 5ms, kết nối: 1 x HDMI, 1 x VGA. | F58: DELL | V58: =SUM(G58:U58) -> 0
A59: 55 | B59: Máy tính bàn DELL | C59: Máy tính bàn DELL | D59: Dell 3671 | E59: Máy tính để bàn Dell Vostro 3671 - MT71 G5420W-4G-1T: Intel Pentium G5420 (4MB Cache, up to 3.8GHz); 4GB (lx 4GB) 2400MHz DDR4; 1TB 7200RPM Hard Drive; 6 cling SSD 120GB; DVDRW; Intelgrated Graphics; Chuột; Bàn phím; Windows 10 home | V59: =SUM(G59:U59) -> 0
A60: 56 | B60: Màn hình máy tính | C60: Màn hình máy tính để bàn Dell | D60: Dell E2016HV | E60: Man hinh may tinh DELL LCD E2016Hv - 19.5" | F60: Dell | V60: =SUM(G60:U60) -> 0
A61: 57 | B61: Máy tính bàn | C61: Máy tính bàn | E61: Cpu E5 2689 2.6Ghz*2/TN CM T400i*2/ Main SPM X9DRL/ RAM 16G*4/HĐ 1TB/ASUS RX570 4Gb /K/M/ Case + Nguồn 600W CM/ LCD E2417H | F61: Cây lắp ráp ĐNA | V61: =SUM(G61:U61) -> 0
A62: 58 | B62: Laptop Dell | C62: Laptop Dell | D62: Dell Latitude 3400 | V62: =SUM(G62:U62) -> 0
A63: 59 | B63: Máy in, photo | C63: Máy in, photo | D63: Canon 251DW | V63: =SUM(G63:U63) -> 0
A64: 60 | B64: Máy in, photo | C64: Máy in, photo | D64: Canon 252DW | V64: =SUM(G64:U64) -> 0
A65: 61 | B65: Máy in, photo | C65: Máy in, photo | D65: HP | V65: =SUM(G65:U65) -> 0
A66: 62 | B66: Máy in, photo | C66: Máy in, photo | D66: Ricoh 7502 | V66: =SUM(G66:U66) -> 0
A67: 63 | B67: Máy in, photo | C67: Máy in, photo | D67: Toshiba 5560C | V67: =SUM(G67:U67) -> 0
A68: 64 | B68: Máy chiếu | C68: Máy chiếu | D68: Epson EB-W05 | O68: 1 | V68: =SUM(G68:U68) -> 1
A69: 65 | B69: Máy chiếu | C69: Máy chiếu | D69: Sony VPL-EX430 | V69: =SUM(G69:U69) -> 0
A70: 66 | B70: Máy chiếu | C70: Máy chiếu | D70: Sony VPL-EX435,EX575 | P70: 1 | V70: =SUM(G70:U70) -> 1
A71: 67 | B71: Unifi | C71: Bộ phát sóng không dây | D71: UBIQUITI UniFi AP AC Pro | V71: =SUM(G71:U71) -> 0
A72: 68 | B72: Máy chấm công | C72: Máy chấm công cho cán bộ,nhân viên | D72: Ronald Jack UA300 | V72: =SUM(G72:U72) -> 0
A73: 69 | B73: Máy quẹt thẻ | C73: Máy quẹt thẻ cho học sinh | D73: Zkteco TA939 | V73: =SUM(G73:U73) -> 0
A74: 70 | B74: Server | C74: Máy chủ DELL EMC R540 | D74: 9KGZ8X2 9LJZ8X2 9LRT8X2 2JDYVV2 | E74: Processor: 2 x Intel® Xeon® Silver 4114 Processor 13.75M Cache, 2.20 GHz Memory: 4 x 32GB PC4-21300 ECC 2666 MHz Registered DIMMs Network Controller: 2 x 1GE LOM (optional) OCP 2 x 10GE SFP+ or BaseT or 2 x 1GE Raid Controller: PERC H730P RAID Controller Mini Mono, 2GB NV Cache Hard Drive: 2 x 2TB Dell Enterprise 7200 RPM SATA 3.5" Optical Drive: Slim 8X DVD+/-RW 9.5mm Internal Drive PCI-Express Slots: 1 x FH/FL + 1 x HH/HL (2U Right riser) slots + 3HH/HL slots Power Supply: 1x 750w Options 2x 750w Management: iDRAC9 with Lifecycle Controller Form Factor: 2U DELL 750 WATT POWER SUPPLY2 x Dell EMC R540 Heat Sink2 x TRAY DELL 3.5" 14G CADDY X7K8W | F74: Dell | V74: =SUM(G74:U74) -> 0
A75: 71 | B75: Server | C75: Máy chủ DELL EMC R540 | D75: 9LMV8X2 | E75: Processor: 2 x Intel® Xeon® Silver 4114 Processor 13.75M Cache, 2.20 GHz Memory: 4 x 32GB PC4-21300 ECC 2666 MHz Registered DIMMs Network Controller: 2 x 1GE LOM (optional) OCP 2 x 10GE SFP+ or BaseT or 2 x 1GE Raid Controller: PERC H730P RAID Controller Mini Mono, 2GB NV Cache Hard Drive: 2 x SSD INTEL 240GB 2.5" S4510 2 x 2TB Dell Enterprise 7200 RPM SATA 3.5" Optical Drive: Slim 8X DVD+/-RW 9.5mm Internal Drive PCI-Express Slots: 1 x FH/FL + 1 x HH/HL (2U Right riser) slots + 3HH/HL slots Power Supply: 1x 750w Options 2x 750w Management: iDRAC9 with Lifecycle Controller Form Factor: 2U DELL 750 WATT POWER SUPPLY2 x Dell EMC R540 Heat Sink4 x TRAY DELL 3.5" 14G CADDY X7K8W 2 x DELL converter bracket 3.5" to 2.5" | F75: Dell | V75: =SUM(G75:U75) -> 0
A76: 72 | B76: Server | C76: Máy chủ DELL EMC R540 | D76: 9LPV8X2 | E76: Processor: Intel® Xeon® Silver 4114 Processor 13.75M Cache, 2.20 GHz Memory: 3 x 32GB PC4-21300 ECC 2666 MHz Registered DIMMs Network Controller: 2 x 1GE LOM (optional) OCP 2 x 10GE SFP+ or BaseT or 2 x 1GE Raid Controller: PERC H730P RAID Controller Mini Mono, 2GB NV Cache Hard Drive: 2 x 2TB Dell Enterprise 7200 RPM SATA 3.5" Optical Drive: Slim 8X DVD+/-RW 9.5mm Internal Drive PCI-Express Slots: 1 x FH/FL + 1 x HH/HL (2U Right riser) slots + 3HH/HL slots Power Supply: 1x 750w Options 2x 750w Management: iDRAC9 with Lifecycle Controller Form Factor: 2U DELL 750 WATT POWER SUPPLYDell EMC R540 Heat Sink2 x TRAY DELL 3.5" 14G CADDY X7K8W | F76: Dell | V76: =SUM(G76:U76) -> 0
A77: 73 | B77: Server | C77: Workstation ( Boot room ) | E77: Mainboard Intel S1200 SPSR CPU Intel Xeon E3-1230 v6 (8M Cache, 3.5GHz) Ram Kingston 8GB ECC DDR4/2400 (KSM24ES8/8ME) SSD Samsung 860 EVO 250GB M.2 Sata (Mz-N6E250BW) HDD WD Black 2TB Sata3(WD2003FZEX) Power Cooler Master 500W Elite V3 Case Erosi X9 (No power) Card Gigabyte 2GB N1030OC-2GI | F77: Lắp ráp ĐNA | V77: =SUM(G77:U77) -> 0
A78: 74 | B78: Server | C78: Intel® Ethernet Server Adapter I350-T4 | D78: 8A0380 8A0738 87E510 87B0B8 87E2EC | E78: Intel Ethernet Server Adapter I350-T4 PCI Express Genx2.1 INTEL I350T4 Quad-Port Network Lan Card Model No: Intel Ethernet I350-T4 Bus Type：PCI Express 2.1(5GT/s) Chipset：Intel® NHI350AM4 | V78: =SUM(G78:U78) -> 0
A79: 75 | B79: Server | C79: Tủ server HRN 20U | D79: D1000 | V79: =SUM(G79:U79) -> 0
A80: 76 | B80: Thiết bị mạng | C80: Thiết bị Firewall, dùng để bảo vệ, thiết lập các chính sách bảo mật giữa các mạng LAN với nhau và bảo vệ người dùng từ các cuộc tấn công từ Internet | D80: SRX1500-AC | E80: SRX1500 with 16x1G, 4x10G (SFP+) on-board ports, 1x AC PSU and 100GB SSD | F80: Juniper | V80: =SUM(G80:U80) -> 0
A81: 77 | B81: Thiết bị mạng | C81: Phần mềm cho thiết bị tường lửa | D81: SRX1500-JSE | E81: SRX1500 Juniper Secure Edge software with Firewall, NAT, IPSec, Routing, Switching, MPLS and Application Security services (requireSRX1500-AC or SRX1500-DC to complete the system) | F81: Juniper | V81: =SUM(G81:U81) -> 0
A82: 78 | B82: Thiết bị mạng | C82: Kết nối lên Core switch. Mỗi FW 2 kết nối | D82: SFPP-AT-LP-85-03 | E82: SFP+ Plug-in, 10Gbps, 300m, TX/RX 850nm, on two multimode fiber | F82: Ascent Comtech | V82: =SUM(G82:U82) -> 0
A83: 79 | B83: Thiết bị mạng | C83: Thiết bị chuyển mạch trung tâm, cung cấp các kết nội quang 10G đến switch access, Firewall. Là thiết bị chuyển mạch có năng lực lớn, độ trễ thấp, đảm bảo năng lực chuyển mạch cho toàn bộ hệ thống | D83: EX4600-40F-AFO | E83: EX4600, 24 SFP+/SFP ports, 4 QSFP+ ports, 2 expansion slots, redundant fans, 2 AC power supplies, front to back airflow | F83: Juniper | V83: =SUM(G83:U83) -> 0
A84: 80 | B84: Thiết bị mạng | C84: Slot mở rộng 8 cổng 10G | D84: EX4600-EM-8F | E84: EX4600 8 port SFP+/SFP expansion module | F84: Juniper | V84: =SUM(G84:U84) -> 0
A85: 81 | B85: Thiết bị mạng | C85: Cáp stack 80G giữa 2 thiết bị core | D85: QFX-QSFP-DAC-1M | E85: QSFP+ Cable Assy, 1m, 30AWG, Passive, Programmable ID | F85: Juniper | V85: =SUM(G85:U85) -> 0
A86: 82 | B86: Thiết bị mạng | C86: Module đồng, kết nối lên cân bằng tải, mỗi mỗi thiết bị Core có 1 kết nối lên cân bằng tải | D86: EX-SFP-1GE-T | E86: Small Form Factor Pluggable 10/100/1000 Copper Transceiver Module | F86: Ascent Comtech | V86: =SUM(G86:U86) -> 0
A87: 83 | B87: Thiết bị mạng | C87: Switch access tầng, cung cấp giao diện kết nối đến các thiết bị đầu cuối từng tầng và core switch | D87: EX2300-24T | E87: EX2300 24-port 10/100/1000BaseT, 4 x 1/10G SFP/SFP+ (optics sold separately) | F87: Juniper | V87: =SUM(G87:U87) -> 0
A88: 84 | B88: Thiết bị mạng | C88: Switch access tầng, cung cấp giao diện kết nối đến các thiết bị đầu cuối từng tầng và core switch | D88: EX2300-48T | E88: EX2300 48-port 10/100/1000BaseT, 4 x 1/10G SFP/SFP+ (optics sold separately) | F88: Juniper | V88: =SUM(G88:U88) -> 0
A89: 85 | B89: Thiết bị mạng | C89: Switch server, gom các kết nối vào hệ thống server chuyên dụng | D89: EX2300-24T | E89: EX2300 24-port 10/100/1000BaseT, 4 x 1/10G SFP/SFP+ (optics sold separately) | F89: Juniper | I89: 1 | V89: =SUM(G89:U89) -> 1
A90: 86 | B90: Máy đặt suất ăn | C90: Máy tính bàn DELL | D90: Dell Vostro 3470ST (HXKWJ2) | E90: CPU: Intel Pentium® Gold G5420 (3.80 GHz, 2 Cores 4 Threads, 4MB Cache) RAM: 4GB DDR4 Ổ cứng: 1TB HDD 7200rpm VGA: Intel® UHD Graphics 610 Kết nối mạng: Wlan + Bluetooth | F90: Dell | V90: =SUM(G90:U90) -> 0
A91: 87 | B91: Máy đặt suất ăn | C91: Màn hình máy tính để bàn Dell | D91: Dell P2418HT | E91: 23.8'' FHD (1920x1080) Anti-Glare, IPS, @ 60Hz. Độ tương phản 1000:1, thời gian đáp ứng 6ms Độ sáng: 250 cd/m2, góc nhìn: 178 độ (V) x 178 độ (H) Ports : VGA, HDMI, Audio, Display Port, 4x USB | F91: Dell | V91: =SUM(G91:U91) -> 0
A92: 88 | B92: Máy chiếu | C92: Máy chiếu Epson | D92: EB–E10 | F92: Epson | Q92: 1 | U92: 1 | V92: =SUM(G92:U92) -> 2
A93: 89 | B93: Máy in, photo | C93: Máy in, photo | D93: LBP 226 | F93: Canon | V93: =SUM(G93:U93) -> 0
A94: 90 | B94: Máy tính bàn | C94: Máy tính bàn DELL | D94: Dell Vostro 3681 | E94: 120Gb SSD + 1Tb HDD, DDr 4 4gb | F94: Dell | V94: =SUM(G94:U94) -> 0
A95: 91 | B95: Máy tính bàn | C95: Máy tính bàn DELL | D95: Dell Vostro 3681 | E95: 256Gb SSD, DDr4 8gb | F95: Dell | V95: =SUM(G95:U95) -> 0
A96: 92 | B96: Máy tính bàn | C96: Màn hình máy tính để bàn Dell | D96: Dell E1920H | F96: DELL | V96: =SUM(G96:U96) -> 0
A97: 93 | B97: Máy chiếu | C97: Phông chiếu cơ | O97: 1 | P97: 1 | Q97: 1 | U97: 1 | V97: =SUM(G97:U97) -> 4
A98: 94 | B98: Âm thanh | C98: Loa phóng | V98: =SUM(G98:U98) -> 0
A99: 95 | B99: Máy tính bàn | C99: Case máy tính ĐNA ( I5 12400, mainboard gigabyte B760, SSD kingmax 250Gb, DDR4 8Gb. Bàn phím chuột Fuhlen) | T99: 23 | V99: =SUM(G99:U99) -> 23
A100: 96 | B100: Máy tính bàn | C100: Màn hình máy tính để bàn Dell | D100: Dell 2225H | T100: 23 | V100: =SUM(G100:U100) -> 23
A101: 97 | B101: Máy tính bàn | C101: Bộ lưu điện APC 700VA | D101: BVX700LUI-MS | T101: 23 | V101: =SUM(G101:U101) -> 23
A102: 98 | B102: Thiết bị mạng | C102: Thiết bị cân bằng tải | D102: Draytek Vigor 2926 Plus | T102: 1 | V102: =SUM(G102:U102) -> 1
A103: 99 | B103: Thiết bị mạng | C103: Thiết bị mạng switch | D103: TP Link SG1024 | T103: 1 | V103: =SUM(G103:U103) -> 1
A104: 100 | B104: Máy tính bàn | C104: Case máy tính ĐNA ( I3 10105, mainboard gigabyte H510, SSD 250Gb, DDR4 8Gb. Bàn phím chuột Fuhlen) | V104: =SUM(G104:U104) -> 0
A105: 101 | B105: Máy tính bàn | C105: Màn hình máy tính để bàn Dell | V105: =SUM(G105:H105) -> 0
A106: 102 | B106: Máy chiếu | C106: Máy chiếu Epson | D106: EB–w06 | V106: =SUM(G106:H106) -> 0
...
